emisora,fecha,hora,descripcion,titulos,precio,tasa,plazo,intereses,impuestos,comision,importe,saldo
GBMF2 BF,02/10/20,1:11:00,Compra Soc.de Inv.- Cliente             ,36584.00,36.90,0.00,0.00,0.00,0.00,0.00,1350022.88,-1349993.90
TSLA *,02/10/20,2:15:43,Compra de Acciones.,10.00,9085.00,0.00,0.00,0.00,36.34,227.13,91113.47,-1441107.37
NVDA *,02/10/20,2:15:56,Compra de Acciones.,18.00,11400.00,0.00,0.00,0.00,82.08,513.00,205795.08,-1646902.45
AAPL *,02/10/20,2:15:56,Compra de Acciones.,82.00,2458.00,0.00,0.00,0.00,80.62,503.89,202140.51,-1849042.96
AMZN *,02/10/20,2:18:02,Compra de Acciones.,2.00,68054.24,0.00,0.00,0.00,54.44,340.27,136503.19,-1985546.15
MSFT *,02/10/20,2:18:32,Compra de Acciones.,6.00,4512.00,0.00,0.00,0.00,10.83,67.68,27150.51,-2012696.66
FB *,02/10/20,2:19:33,Compra de Acciones.,12.00,5669.78,0.00,0.00,0.00,27.21,170.09,68234.67,-2080931.33
PYPL *,02/10/20,2:20:00,Compra de Acciones.,16.00,4190.00,0.00,0.00,0.00,26.82,167.60,67234.42,-2148165.75
NFLX *,02/10/20,2:21:02,Compra de Acciones.,6.00,10987.00,0.00,0.00,0.00,26.37,164.81,66113.17,-2214278.92
ZM *,02/10/20,2:23:22,Compra de Acciones.,14.00,10506.00,0.00,0.00,0.00,58.83,367.71,147510.54,-2361789.47
FDX *,02/10/20,2:24:13,Compra de Acciones.,24.00,5578.63,0.00,0.00,0.00,53.55,334.72,134275.39,-2496064.86
PTON *,02/10/20,2:41:24,Compra de Acciones.,46.00,2369.99,0.00,0.00,0.00,43.61,272.55,109335.70,-2605400.55
GBMF2 BF,06/10/20,7:42:41,Venta Soc.de Inv.- Cliente              ,34014.00,36.91,0.00,0.00,0.00,0.00,0.00,1255406.54,-1349994.02
GBMF2 BF,06/10/20,12:18:46,Venta Soc.de Inv.- Cliente              ,1491.00,36.91,0.00,0.00,0.00,0.00,0.00,55030.61,-1294963.41
AAPL *,12/10/20,1:44:18,Venta de Acciones.,70.00,2638.00,0.00,0.00,0.00,59.09,369.32,184231.59,-1110731.82
AMZN *,12/10/20,1:45:16,Venta de Acciones.,2.00,73964.97,0.00,0.00,0.00,47.34,295.86,147586.74,-963145.08
FB *,12/10/20,1:45:42,Venta de Acciones.,5.00,5921.11,0.00,0.00,0.00,9.47,59.21,29536.87,-933608.21
FB *,12/10/20,1:45:52,Venta de Acciones.,7.00,5921.00,0.00,0.00,0.00,13.26,82.89,41350.84,-892257.37
MSFT *,12/10/20,1:47:29,Venta de Acciones.,3.00,4734.01,0.00,0.00,0.00,4.54,28.40,14169.08,-878088.29
NFLX *,12/10/20,1:48:21,Venta de Acciones.,3.00,11620.00,0.00,0.00,0.00,11.16,69.72,34779.12,-843309.16
FDX *,12/10/20,1:49:30,Venta de Acciones.,2.00,5780.00,0.00,0.00,0.00,3.70,23.12,11533.18,-831775.98
NVDA *,12/10/20,1:49:31,Venta de Acciones.,13.00,12150.00,0.00,0.00,0.00,50.54,315.90,157583.56,-674192.43
PTON *,12/10/20,1:49:40,Venta de Acciones.,10.00,2712.25,0.00,0.00,0.00,8.68,54.25,27059.58,-647132.85
PTON *,12/10/20,1:49:40,Venta de Acciones.,10.00,2712.25,0.00,0.00,0.00,8.68,54.25,27059.58,-620073.28
PTON *,12/10/20,1:49:40,Venta de Acciones.,20.00,2712.25,0.00,0.00,0.00,17.36,108.49,54119.15,-565954.12
PYPL *,12/10/20,1:50:24,Venta de Acciones.,16.00,4325.00,0.00,0.00,0.00,22.14,138.40,69039.46,-496914.67
TSLA *,12/10/20,1:51:48,Venta de Acciones.,10.00,9500.00,0.00,0.00,0.00,30.40,190.00,94779.60,-402135.07
ZM *,12/10/20,1:51:53,Venta de Acciones.,14.00,10630.00,0.00,0.00,0.00,47.62,297.64,148474.74,-253660.33
FDX *,12/10/20,1:54:36,Venta de Acciones.,2.00,5780.00,0.00,0.00,0.00,3.70,23.12,11533.18,-242127.15
SHV *,12/10/20,2:07:44,Compra de Acciones.,200.00,2348.55,0.00,0.00,0.00,150.31,939.42,470799.73,-712926.88
SHV *,12/10/20,2:07:44,Compra de Acciones.,140.00,2348.55,0.00,0.00,0.00,105.22,657.59,329559.81,-1042486.69
FDX *,12/10/20,2:22:58,Venta de Acciones.,8.00,5780.00,0.00,0.00,0.00,14.80,92.48,46132.72,-996353.96
GBMF2 BF,14/10/20,7:43:42,Compra Soc.de Inv.- Cliente             ,8089.00,36.92,0.00,0.00,0.00,0.00,0.00,298615.77,-1294969.74
GBMF2 BF,15/10/20,10:44:36,Venta Soc.de Inv.- Cliente              ,2708.00,36.92,0.00,0.00,0.00,0.00,0.00,99971.57,-1194998.16
GBMF2 BF,20/10/20,1:12:53,Compra Soc.de Inv.- Cliente             ,5416.00,36.92,0.00,0.00,0.00,0.00,0.00,199982.35,-1394980.51
SHV *,20/10/20,1:16:18,Compra de Acciones.,2.00,2334.00,0.00,0.00,0.00,1.12,7.00,4676.12,-1399656.63
SHV *,20/10/20,1:17:55,Compra de Acciones.,98.00,2334.00,0.00,0.00,0.00,54.90,343.10,229129.99,-1628786.63
GBMF2 BF,22/10/20,7:44:29,Venta Soc.de Inv.- Cliente              ,2269.00,36.93,0.00,0.00,0.00,0.00,0.00,83794.59,-1544992.04
GBMF2 BF,23/10/20,12:37:40,Venta Soc.de Inv.- Cliente              ,1443.00,36.94,0.00,0.00,0.00,0.00,0.00,53299.32,-1491692.72
GBMF2 BF,28/10/20,8:27:36,Venta Soc.de Inv.- Cliente              ,1624.00,36.94,0.00,0.00,0.00,0.00,0.00,59992.88,-1431699.83
GBMF2 BF,28/10/20,8:28:13,Venta Soc.de Inv.- Cliente              ,488.00,36.94,0.00,0.00,0.00,0.00,0.00,18027.42,-1413672.42
GBMF2 BF,30/10/20,11:36:59,Venta Soc.de Inv.- Cliente              ,812.00,36.94,0.00,0.00,0.00,0.00,0.00,29998.81,-1383673.61
GBMF2 BF,30/10/20,12:11:31,Venta Soc.de Inv.- Cliente              ,6225.00,36.94,0.00,0.00,0.00,0.00,0.00,229978.56,-1153695.05
WALMEX *,05/11/20,12:27:28,Venta de Acciones.,300.00,54.50,0.00,0.00,0.00,5.23,32.70,16312.07,-1137382.98
WALMEX *,05/11/20,12:27:28,Venta de Acciones.,200.00,54.50,0.00,0.00,0.00,3.49,21.80,10874.71,-1126508.27
GBMF2 BF,06/11/20,7:47:03,Compra Soc.de Inv.- Cliente             ,1.00,36.95,0.00,0.00,0.00,0.00,0.00,36.95,-1126545.22
GBMF2 BF,06/11/20,10:57:42,Venta Soc.de Inv.- Cliente              ,712.00,36.95,0.00,0.00,0.00,0.00,0.00,26309.79,-1100235.43
GBMF2 BF,09/11/20,7:47:09,Compra Soc.de Inv.- Cliente             ,736.00,36.96,0.00,0.00,0.00,0.00,0.00,27199.33,-1127434.76
SHV *,10/11/20,8:50:12,Venta de Acciones.,440.00,2256.70,0.00,0.00,0.00,317.74,1985.90,990644.36,-111771.43
AAPL *,10/11/20,8:51:14,Venta de Acciones.,4.00,2380.00,0.00,0.00,0.00,3.05,19.04,9497.91,-102273.52
AAPL *,10/11/20,8:51:14,Venta de Acciones.,38.00,2380.00,0.00,0.00,0.00,28.94,180.88,90230.18,-12043.34
GBMF2 BF,10/11/20,10:11:58,Venta Soc.de Inv.- Cliente              ,677.00,36.96,0.00,0.00,0.00,0.00,0.00,25018.96,-1102415.79
PTON *,10/11/20,10:54:21,Venta de Acciones.,26.00,2132.01,0.00,0.00,0.00,17.74,110.86,55303.66,43260.32
KIMBER A,10/11/20,2:24:59,Compra de Acciones.,100.00,31.48,0.00,0.00,0.00,1.01,6.30,3155.30,40105.01
KIMBER A,10/11/20,2:25:29,Compra de Acciones.,80.00,31.48,0.00,0.00,0.00,0.81,5.04,2524.24,37580.77
KIMBER A,10/11/20,2:25:30,Compra de Acciones.,2545.00,31.48,0.00,0.00,0.00,25.64,160.23,80302.47,-42721.70
GBMF2 BF,12/11/20,7:47:20,Compra Soc.de Inv.- Cliente             ,28676.00,36.96,0.00,0.00,0.00,0.00,0.00,1059798.98,-1102520.68
TERRA 13,12/11/20,10:44:15,Compra de Acciones.,470.00,29.15,0.00,0.00,0.00,3.29,20.55,13724.34,-846269.02
TERRA 13,12/11/20,10:44:15,Compra de Acciones.,240.00,29.15,0.00,0.00,0.00,1.68,10.49,7008.17,-853277.20
TERRA 13,12/11/20,10:44:15,Compra de Acciones.,100.00,29.15,0.00,0.00,0.00,0.70,4.37,2920.07,-856197.27
TERRA 13,12/11/20,10:44:15,Compra de Acciones.,1000.00,29.15,0.00,0.00,0.00,7.00,43.73,29200.72,-885397.99
TERRA 13,12/11/20,10:44:15,Compra de Acciones.,751.00,29.15,0.00,0.00,0.00,5.25,32.84,21929.74,-907327.73
GBMF2 BF,12/11/20,12:02:39,Venta Soc.de Inv.- Cliente              ,9611.00,36.96,0.00,0.00,0.00,0.00,0.00,355200.45,-747320.23
CSCO *,12/11/20,12:17:55,Compra de Acciones.,107.00,795.00,0.00,0.00,0.00,20.42,127.60,85213.01,-992540.74
GBMF2 BF,12/11/20,1:15:45,Compra Soc.de Inv.- Cliente             ,2306.00,36.96,0.00,0.00,0.00,0.00,0.00,85224.45,-832544.69
CSCO *,13/11/20,8:34:30,Venta de Acciones.,5.00,848.50,0.00,0.00,0.00,1.02,6.36,4235.12,-988305.63
CSCO *,13/11/20,8:34:30,Venta de Acciones.,102.00,848.50,0.00,0.00,0.00,20.77,129.82,86396.41,-901909.22
TERRA 13,13/11/20,10:06:11,Venta de Acciones.,32.00,29.63,0.00,0.00,0.00,0.23,1.42,946.51,-900962.71
TERRA 13,13/11/20,10:08:42,Venta de Acciones.,33.00,29.49,0.00,0.00,0.00,0.23,1.46,971.48,-899991.23
TERRA 13,13/11/20,10:09:37,Venta de Acciones.,32.00,29.48,0.00,0.00,0.00,0.23,1.42,941.72,-899049.51
TERRA 13,13/11/20,10:10:32,Venta de Acciones.,33.00,29.48,0.00,0.00,0.00,0.23,1.46,971.15,-898078.37
TERRA 13,13/11/20,10:11:22,Venta de Acciones.,100.00,29.48,0.00,0.00,0.00,0.71,4.42,2942.87,-895135.50
TERRA 13,13/11/20,10:11:27,Venta de Acciones.,33.00,29.48,0.00,0.00,0.00,0.23,1.46,971.15,-894164.35
TERRA 13,13/11/20,10:12:06,Venta de Acciones.,469.00,29.48,0.00,0.00,0.00,3.32,20.74,13802.06,-880362.29
FIBRAPL 14,13/11/20,10:15:15,Compra de Acciones.,181.00,42.47,0.00,0.00,0.00,1.84,11.53,7700.45,-888062.73
FIBRAPL 14,13/11/20,10:15:15,Compra de Acciones.,100.00,42.47,0.00,0.00,0.00,1.02,6.37,4254.39,-892317.12
FIBRAPL 14,13/11/20,10:16:52,Compra de Acciones.,100.00,42.50,0.00,0.00,0.00,1.02,6.38,4257.40,-896574.52
FIBRAPL 14,13/11/20,10:16:52,Compra de Acciones.,10.00,42.50,0.00,0.00,0.00,0.10,0.64,425.74,-897000.26
FIBRAPL 14,13/11/20,10:19:33,Compra de Acciones.,100.00,42.64,0.00,0.00,0.00,1.02,6.40,4271.42,-901271.67
FIBRAPL 14,13/11/20,10:19:33,Compra de Acciones.,100.00,42.64,0.00,0.00,0.00,1.02,6.40,4271.42,-905543.09
FIBRAPL 14,13/11/20,10:19:34,Compra de Acciones.,100.00,42.63,0.00,0.00,0.00,1.02,6.39,4270.42,-909813.51
FIBRAPL 14,13/11/20,10:19:34,Compra de Acciones.,100.00,42.64,0.00,0.00,0.00,1.02,6.40,4271.42,-914084.93
FIBRAPL 14,13/11/20,10:19:34,Compra de Acciones.,100.00,42.64,0.00,0.00,0.00,1.02,6.40,4271.42,-918356.35
FIBRAPL 14,13/11/20,10:19:57,Compra de Acciones.,100.00,42.68,0.00,0.00,0.00,1.02,6.40,4275.43,-922631.78
FIBRAPL 14,13/11/20,10:19:57,Compra de Acciones.,100.00,42.68,0.00,0.00,0.00,1.02,6.40,4275.43,-926907.20
FIBRAPL 14,13/11/20,10:19:57,Compra de Acciones.,100.00,42.68,0.00,0.00,0.00,1.02,6.40,4275.43,-931182.63
FIBRAPL 14,13/11/20,10:19:57,Compra de Acciones.,100.00,42.68,0.00,0.00,0.00,1.02,6.40,4275.43,-935458.06
FIBRAPL 14,13/11/20,10:27:01,Compra de Acciones.,100.00,42.65,0.00,0.00,0.00,1.02,6.40,4272.42,-939730.48
FIBRAPL 14,13/11/20,10:28:31,Compra de Acciones.,3080.00,42.65,0.00,0.00,0.00,31.53,197.04,131590.57,-1071321.05
FIBRAPL 14,13/11/20,10:28:31,Compra de Acciones.,643.00,42.65,0.00,0.00,0.00,6.58,41.14,27471.67,-1098792.71
FIBRAPL 14,13/11/20,11:05:10,Venta de Acciones.,20.00,43.24,0.00,0.00,0.00,0.21,1.30,863.30,-1097929.42
FIBRAPL 14,13/11/20,11:05:14,Venta de Acciones.,500.00,43.24,0.00,0.00,0.00,5.19,32.43,21582.38,-1076347.04
FIBRAPL 14,13/11/20,11:06:04,Venta de Acciones.,20.00,43.24,0.00,0.00,0.00,0.21,1.30,863.30,-1075483.74
FIBRAPL 14,13/11/20,11:06:12,Venta de Acciones.,100.00,43.23,0.00,0.00,0.00,1.04,6.48,4315.48,-1071168.26
FIBRAPL 14,13/11/20,11:06:12,Venta de Acciones.,100.00,43.23,0.00,0.00,0.00,1.04,6.48,4315.48,-1066852.79
FIBRAPL 14,13/11/20,11:06:12,Venta de Acciones.,100.00,43.23,0.00,0.00,0.00,1.04,6.48,4315.48,-1062537.31
FIBRAPL 14,13/11/20,11:06:12,Venta de Acciones.,100.00,43.23,0.00,0.00,0.00,1.04,6.48,4315.48,-1058221.83
FIBRAPL 14,13/11/20,11:06:12,Venta de Acciones.,100.00,43.23,0.00,0.00,0.00,1.04,6.48,4315.48,-1053906.35
FIBRAPL 14,13/11/20,11:06:12,Venta de Acciones.,100.00,43.23,0.00,0.00,0.00,1.04,6.48,4315.48,-1049590.87
FIBRAPL 14,13/11/20,11:06:12,Venta de Acciones.,100.00,43.23,0.00,0.00,0.00,1.04,6.48,4315.48,-1045275.40
FIBRAPL 14,13/11/20,11:06:12,Venta de Acciones.,100.00,43.23,0.00,0.00,0.00,1.04,6.48,4315.48,-1040959.92
FIBRAPL 14,13/11/20,11:06:13,Venta de Acciones.,100.00,43.23,0.00,0.00,0.00,1.04,6.48,4315.48,-1036644.44
FIBRAPL 14,13/11/20,11:06:13,Venta de Acciones.,100.00,43.23,0.00,0.00,0.00,1.04,6.48,4315.48,-1032328.96
FIBRAPL 14,13/11/20,11:06:31,Venta de Acciones.,20.00,43.22,0.00,0.00,0.00,0.21,1.30,862.90,-1031466.07
FIBRAPL 14,13/11/20,11:06:31,Venta de Acciones.,100.00,43.22,0.00,0.00,0.00,1.04,6.48,4314.48,-1027151.59
FIBRAPL 14,13/11/20,11:06:31,Venta de Acciones.,100.00,43.22,0.00,0.00,0.00,1.04,6.48,4314.48,-1022837.11
FIBRAPL 14,13/11/20,11:06:31,Venta de Acciones.,100.00,43.22,0.00,0.00,0.00,1.04,6.48,4314.48,-1018522.63
FIBRAPL 14,13/11/20,11:06:32,Venta de Acciones.,100.00,43.22,0.00,0.00,0.00,1.04,6.48,4314.48,-1014208.15
FIBRAPL 14,13/11/20,11:06:32,Venta de Acciones.,100.00,43.22,0.00,0.00,0.00,1.04,6.48,4314.48,-1009893.67
FIBRAPL 14,13/11/20,11:06:32,Venta de Acciones.,100.00,43.22,0.00,0.00,0.00,1.04,6.48,4314.48,-1005579.19
FIBRAPL 14,13/11/20,11:06:33,Venta de Acciones.,380.00,43.22,0.00,0.00,0.00,3.94,24.64,16395.02,-989184.17
FIBRAPL 14,13/11/20,11:06:53,Venta de Acciones.,200.00,43.21,0.00,0.00,0.00,2.07,12.96,8626.96,-980557.20
FIBRAPL 14,13/11/20,11:06:53,Venta de Acciones.,600.00,43.20,0.00,0.00,0.00,6.22,38.88,25874.90,-954682.30
FIBRAPL 14,13/11/20,11:06:53,Venta de Acciones.,100.00,43.20,0.00,0.00,0.00,1.04,6.48,4312.48,-950369.82
FIBRAPL 14,13/11/20,11:06:53,Venta de Acciones.,1100.00,43.20,0.00,0.00,0.00,11.40,71.28,47437.32,-902932.51
FIBRAPL 14,13/11/20,11:07:22,Venta de Acciones.,460.00,43.24,0.00,0.00,0.00,4.77,29.84,19855.79,-883076.71
FIBRAPL 14,13/11/20,11:08:34,Venta de Acciones.,20.00,43.25,0.00,0.00,0.00,0.21,1.30,863.49,-882213.22
FIBRAPL 14,13/11/20,11:08:35,Venta de Acciones.,94.00,43.25,0.00,0.00,0.00,0.98,6.10,4058.43,-878154.79
TERRA 13,13/11/20,2:42:50,Venta de Acciones.,1500.00,30.14,0.00,0.00,0.00,10.85,67.82,45131.33,-833023.46
TERRA 13,13/11/20,2:42:50,Venta de Acciones.,19.00,30.14,0.00,0.00,0.00,0.14,0.86,571.66,-832451.80
TERRA 13,13/11/20,2:42:50,Venta de Acciones.,48.00,30.14,0.00,0.00,0.00,0.35,2.17,1444.20,-831007.59
TERRA 13,13/11/20,2:42:50,Venta de Acciones.,262.00,30.14,0.00,0.00,0.00,1.90,11.85,7882.94,-823124.65
GBMF2 BF,17/11/20,7:48:36,Venta Soc.de Inv.- Cliente              ,4329.00,36.96,0.00,0.00,0.00,0.00,0.00,160019.87,-663104.79
TERRA 13,17/11/20,9:44:50,Compra de Acciones.,252.00,29.76,0.00,0.00,0.00,2.40,15.00,7516.92,-580649.81
TERRA 13,17/11/20,9:44:50,Compra de Acciones.,500.00,29.76,0.00,0.00,0.00,4.76,29.76,14914.52,-595564.33
TERRA 13,17/11/20,9:44:50,Compra de Acciones.,100.00,29.76,0.00,0.00,0.00,0.95,5.95,2982.90,-598547.23
TERRA 13,17/11/20,9:44:50,Compra de Acciones.,200.00,29.76,0.00,0.00,0.00,1.90,11.90,5965.81,-604513.04
TERRA 13,17/11/20,9:44:50,Compra de Acciones.,10.00,29.76,0.00,0.00,0.00,0.10,0.60,298.29,-604811.33
TERRA 13,17/11/20,9:44:50,Compra de Acciones.,100.00,29.76,0.00,0.00,0.00,0.95,5.95,2982.90,-607794.24
TERRA 13,17/11/20,9:44:51,Compra de Acciones.,100.00,29.76,0.00,0.00,0.00,0.95,5.95,2982.90,-610777.14
TERRA 13,17/11/20,9:44:51,Compra de Acciones.,100.00,29.76,0.00,0.00,0.00,0.95,5.95,2982.90,-613760.04
TERRA 13,17/11/20,9:44:51,Compra de Acciones.,190.00,29.76,0.00,0.00,0.00,1.81,11.31,5667.52,-619427.56
TERRA 13,17/11/20,9:44:51,Compra de Acciones.,100.00,29.76,0.00,0.00,0.00,0.95,5.95,2982.90,-622410.47
TERRA 13,17/11/20,9:44:51,Compra de Acciones.,200.00,29.76,0.00,0.00,0.00,1.90,11.90,5965.81,-628376.27
TERRA 13,17/11/20,9:44:51,Compra de Acciones.,1500.00,29.76,0.00,0.00,0.00,14.28,89.28,44743.56,-673119.84
TERRA 13,17/11/20,9:44:51,Compra de Acciones.,283.00,29.76,0.00,0.00,0.00,2.70,16.84,8441.62,-681561.46
TERRA 13,17/11/20,9:44:53,Compra de Acciones.,100.00,29.76,0.00,0.00,0.00,0.95,5.95,2982.90,-684544.36
TERRA 13,17/11/20,9:44:53,Compra de Acciones.,17.00,29.76,0.00,0.00,0.00,0.16,1.01,507.09,-685051.46
TERRA 13,17/11/20,9:45:04,Compra de Acciones.,100.00,29.76,0.00,0.00,0.00,0.95,5.95,2982.90,-688034.36
TERRA 13,17/11/20,9:45:17,Compra de Acciones.,35.00,29.76,0.00,0.00,0.00,0.33,2.08,1044.02,-689078.38
TERRA 13,17/11/20,9:45:17,Compra de Acciones.,400.00,29.76,0.00,0.00,0.00,3.81,23.81,11931.62,-701010.00
TERRA 13,17/11/20,9:45:17,Compra de Acciones.,71.00,29.76,0.00,0.00,0.00,0.68,4.23,2117.86,-703127.86
TERRA 13,17/11/20,9:45:20,Compra de Acciones.,400.00,29.76,0.00,0.00,0.00,3.81,23.81,11931.62,-715059.47
TERRA 13,17/11/20,9:45:20,Compra de Acciones.,71.00,29.76,0.00,0.00,0.00,0.68,4.23,2117.86,-717177.34
TERRA 13,17/11/20,9:45:24,Compra de Acciones.,213.00,29.76,0.00,0.00,0.00,2.03,12.68,6353.59,-723530.92
FDX *,17/11/20,11:20:23,Venta de Acciones.,12.00,5700.01,0.00,0.00,0.00,21.89,136.80,68241.43,-655289.49
GBMF2 BF,17/11/20,12:53:36,Venta Soc.de Inv.- Cliente              ,2434.00,36.96,0.00,0.00,0.00,0.00,0.00,89971.90,-573132.89
GBMF2 BF,18/11/20,7:49:32,Compra Soc.de Inv.- Cliente             ,4640.00,36.97,0.00,0.00,0.00,0.00,0.00,171529.70,-826819.19
GBMF2 BF,19/11/20,7:49:08,Venta Soc.de Inv.- Cliente              ,2223.00,36.97,0.00,0.00,0.00,0.00,0.00,82180.02,-744639.18
GBMF2 BF,20/11/20,9:49:14,Venta Soc.de Inv.- Cliente              ,270.00,36.97,0.00,0.00,0.00,0.00,0.00,9981.31,-734657.86
GBMF2 BF,23/11/20,9:43:44,Venta Soc.de Inv.- Cliente              ,433.00,36.97,0.00,0.00,0.00,0.00,0.00,16007.41,-718650.45
FIBRAPL 14,23/11/20,1:16:05,Compra de Acciones.,100.00,42.93,0.00,0.00,0.00,1.37,8.59,4302.96,-722953.41
FIBRAPL 14,23/11/20,1:16:05,Compra de Acciones.,3.00,42.93,0.00,0.00,0.00,0.04,0.26,129.09,-723082.50
FIBRAPL 14,23/11/20,1:16:05,Compra de Acciones.,10.00,42.93,0.00,0.00,0.00,0.14,0.86,430.30,-723512.80
FIBRAPL 14,23/11/20,1:16:06,Compra de Acciones.,325.00,42.93,0.00,0.00,0.00,4.46,27.90,13984.62,-737497.42
FIBRAPL 14,23/11/20,1:16:06,Compra de Acciones.,100.00,42.93,0.00,0.00,0.00,1.37,8.59,4302.96,-741800.38
FIBRAPL 14,23/11/20,1:16:06,Compra de Acciones.,320.00,42.93,0.00,0.00,0.00,4.40,27.48,13769.47,-755569.85
FIBRAPL 14,23/11/20,1:16:06,Compra de Acciones.,400.00,42.93,0.00,0.00,0.00,5.50,34.34,17211.84,-772781.69
FIBRAPL 14,23/11/20,1:16:06,Compra de Acciones.,3.00,42.94,0.00,0.00,0.00,0.04,0.26,129.12,-772910.80
FIBRAPL 14,23/11/20,1:16:06,Compra de Acciones.,100.00,42.94,0.00,0.00,0.00,1.37,8.59,4303.96,-777214.77
FIBRAPL 14,23/11/20,1:16:06,Compra de Acciones.,100.00,42.94,0.00,0.00,0.00,1.37,8.59,4303.96,-781518.73
FIBRAPL 14,23/11/20,1:16:06,Compra de Acciones.,2.00,42.95,0.00,0.00,0.00,0.03,0.17,86.10,-781604.83
FIBRAPL 14,23/11/20,1:16:06,Compra de Acciones.,100.00,42.95,0.00,0.00,0.00,1.37,8.59,4304.96,-785909.79
FIBRAPL 14,23/11/20,1:16:06,Compra de Acciones.,3.00,42.96,0.00,0.00,0.00,0.04,0.26,129.18,-786038.97
FIBRAPL 14,23/11/20,1:16:06,Compra de Acciones.,3.00,42.97,0.00,0.00,0.00,0.04,0.26,129.21,-786168.18
FIBRAPL 14,23/11/20,1:16:06,Compra de Acciones.,2.00,42.98,0.00,0.00,0.00,0.03,0.17,86.16,-786254.34
FIBRAPL 14,23/11/20,1:16:06,Compra de Acciones.,400.00,42.98,0.00,0.00,0.00,5.50,34.38,17231.89,-803486.22
FIBRAPL 14,23/11/20,1:16:06,Compra de Acciones.,2.00,42.99,0.00,0.00,0.00,0.03,0.17,86.18,-803572.40
FIBRAPL 14,23/11/20,1:16:06,Compra de Acciones.,3.00,43.00,0.00,0.00,0.00,0.04,0.26,129.30,-803701.70
FIBRAPL 14,23/11/20,1:16:06,Compra de Acciones.,3.00,43.01,0.00,0.00,0.00,0.04,0.26,129.33,-803831.03
FIBRAPL 14,23/11/20,1:16:06,Compra de Acciones.,3.00,43.02,0.00,0.00,0.00,0.04,0.26,129.36,-803960.39
FIBRAPL 14,23/11/20,1:16:06,Compra de Acciones.,3.00,43.03,0.00,0.00,0.00,0.04,0.26,129.39,-804089.78
FIBRAPL 14,23/11/20,1:16:06,Compra de Acciones.,3.00,43.04,0.00,0.00,0.00,0.04,0.26,129.42,-804219.20
FIBRAPL 14,23/11/20,1:16:06,Compra de Acciones.,3.00,43.05,0.00,0.00,0.00,0.04,0.26,129.45,-804348.65
FIBRAPL 14,23/11/20,1:16:06,Compra de Acciones.,3.00,43.06,0.00,0.00,0.00,0.04,0.26,129.48,-804478.13
FIBRAPL 14,23/11/20,1:16:06,Compra de Acciones.,3.00,43.07,0.00,0.00,0.00,0.04,0.26,129.51,-804607.64
FIBRAPL 14,23/11/20,1:16:07,Compra de Acciones.,2.00,43.08,0.00,0.00,0.00,0.03,0.17,86.36,-804694.00
FIBRAPL 14,23/11/20,1:16:07,Compra de Acciones.,3.00,43.09,0.00,0.00,0.00,0.04,0.26,129.57,-804823.57
FIBRAPL 14,23/11/20,1:16:07,Compra de Acciones.,3.00,43.10,0.00,0.00,0.00,0.04,0.26,129.60,-804953.17
FIBRAPL 14,23/11/20,1:16:07,Compra de Acciones.,321.00,43.14,0.00,0.00,0.00,4.43,27.70,13880.07,-818833.24
MSFT *,24/11/20,11:38:01,Compra de Acciones.,3.00,4280.01,0.00,0.00,0.00,4.11,25.68,12869.82,-831703.06
FIBRAPL 14,24/11/20,1:45:26,Compra de Acciones.,200.00,42.77,0.00,0.00,0.00,2.74,17.11,8573.85,-840276.90
FIBRAPL 14,24/11/20,1:45:27,Compra de Acciones.,100.00,42.77,0.00,0.00,0.00,1.37,8.55,4286.92,-844563.82
FIBRAPL 14,24/11/20,2:06:01,Compra de Acciones.,11.00,42.77,0.00,0.00,0.00,0.15,0.94,471.56,-845035.39
FIBRAPL 14,24/11/20,2:12:17,Compra de Acciones.,100.00,42.77,0.00,0.00,0.00,1.37,8.55,4286.92,-849322.31
FIBRAPL 14,24/11/20,2:38:48,Compra de Acciones.,187.00,42.77,0.00,0.00,0.00,2.56,16.00,8016.55,-857338.85
FIBRAPL 14,24/11/20,2:58:01,Compra de Acciones.,1252.00,42.77,0.00,0.00,0.00,17.14,107.10,53672.27,-911011.13
GBMF2 BF,25/11/20,7:53:23,Venta Soc.de Inv.- Cliente              ,2711.00,36.96,0.00,0.00,0.00,0.00,0.00,100188.94,-810822.19
GBMF2 BF,26/11/20,7:50:23,Venta Soc.de Inv.- Cliente              ,2494.00,36.96,0.00,0.00,0.00,0.00,0.00,92171.82,-718650.37
ALFA A,27/11/20,11:32:53,Compra de Acciones.,944.00,15.60,0.00,0.00,0.00,4.71,29.45,14760.57,-863398.18
ALFA A,27/11/20,11:32:54,Compra de Acciones.,583.00,15.60,0.00,0.00,0.00,2.91,18.19,9115.90,-872514.08
ALFA A,27/11/20,11:32:56,Compra de Acciones.,300.00,15.60,0.00,0.00,0.00,1.50,9.36,4690.86,-877204.94
ALFA A,27/11/20,11:32:56,Compra de Acciones.,148.00,15.60,0.00,0.00,0.00,0.74,4.62,2314.16,-879519.10
ALFA A,27/11/20,11:33:25,Compra de Acciones.,200.00,15.60,0.00,0.00,0.00,1.00,6.24,3127.24,-882646.34
ALFA A,27/11/20,11:33:26,Compra de Acciones.,148.00,15.60,0.00,0.00,0.00,0.74,4.62,2314.16,-884960.49
ALFA A,27/11/20,11:33:27,Compra de Acciones.,98.00,15.60,0.00,0.00,0.00,0.49,3.06,1532.35,-886492.84
ALFA A,27/11/20,11:33:28,Compra de Acciones.,700.00,15.60,0.00,0.00,0.00,3.49,21.84,10945.33,-897438.17
ALFA A,27/11/20,11:33:35,Compra de Acciones.,79.00,15.60,0.00,0.00,0.00,0.39,2.46,1235.26,-898673.43
GBMF2 BF,27/11/20,1:18:51,Compra Soc.de Inv.- Cliente             ,3517.00,36.96,0.00,0.00,0.00,0.00,0.00,129987.25,-848637.62
GBMF2 BF,30/11/20,7:50:05,Compra Soc.de Inv.- Cliente             ,55.00,36.96,0.00,0.00,0.00,0.00,0.00,2032.94,-900706.38
GBMF2 BF,30/11/20,10:49:46,Venta Soc.de Inv.- Cliente              ,13257.00,36.96,0.00,0.00,0.00,0.00,0.00,490013.59,-410692.79
GBMF2 BF,30/11/20,10:49:47,Venta Soc.de Inv.- Cliente              ,54.00,36.96,0.00,0.00,0.00,0.00,0.00,1995.98,-408696.81
GBMF2 BF,30/11/20,1:19:59,Compra Soc.de Inv.- Cliente             ,54.00,36.96,0.00,0.00,0.00,0.00,0.00,1995.98,-410692.79
GBMF2 BF,01/12/20,7:50:34,Venta Soc.de Inv.- Cliente              ,1354.00,36.97,0.00,0.00,0.00,0.00,0.00,50050.80,-360641.99
KIMBER A,01/12/20,9:43:01,Venta de Acciones.,200.00,32.65,0.00,0.00,0.00,2.09,13.06,6514.85,-353146.14
KIMBER A,01/12/20,9:43:01,Venta de Acciones.,100.00,32.65,0.00,0.00,0.00,1.04,6.53,3257.43,-349888.72
KIMBER A,01/12/20,9:43:01,Venta de Acciones.,332.00,32.65,0.00,0.00,0.00,3.47,21.68,10814.65,-339074.07
KIMBER A,01/12/20,9:43:01,Venta de Acciones.,70.00,32.65,0.00,0.00,0.00,0.73,4.57,2280.20,-336793.87
KIMBER A,01/12/20,9:43:01,Venta de Acciones.,200.00,32.65,0.00,0.00,0.00,2.09,13.06,6514.85,-330279.02
KIMBER A,01/12/20,9:43:01,Venta de Acciones.,100.00,32.65,0.00,0.00,0.00,1.04,6.53,3257.43,-327021.59
KIMBER A,01/12/20,9:43:01,Venta de Acciones.,100.00,32.65,0.00,0.00,0.00,1.04,6.53,3257.43,-323764.17
KIMBER A,01/12/20,9:43:01,Venta de Acciones.,20.00,32.65,0.00,0.00,0.00,0.21,1.31,651.49,-323112.68
KIMBER A,01/12/20,9:43:01,Venta de Acciones.,100.00,32.65,0.00,0.00,0.00,1.04,6.53,3257.43,-319855.26
KIMBER A,01/12/20,9:43:01,Venta de Acciones.,100.00,32.65,0.00,0.00,0.00,1.04,6.53,3257.43,-316597.83
KIMBER A,01/12/20,9:43:01,Venta de Acciones.,300.00,32.65,0.00,0.00,0.00,3.13,19.59,9772.28,-306825.56
KIMBER A,01/12/20,9:43:01,Venta de Acciones.,100.00,32.65,0.00,0.00,0.00,1.04,6.53,3257.43,-303568.13
KIMBER A,01/12/20,9:43:01,Venta de Acciones.,100.00,32.65,0.00,0.00,0.00,1.04,6.53,3257.43,-300310.71
KIMBER A,01/12/20,9:43:01,Venta de Acciones.,200.00,32.65,0.00,0.00,0.00,2.09,13.06,6514.85,-293795.86
KIMBER A,01/12/20,9:43:02,Venta de Acciones.,25.00,32.65,0.00,0.00,0.00,0.26,1.63,814.36,-292981.50
KIMBER A,01/12/20,9:43:02,Venta de Acciones.,100.00,32.65,0.00,0.00,0.00,1.04,6.53,3257.43,-289724.08
KIMBER A,01/12/20,9:43:02,Venta de Acciones.,200.00,32.65,0.00,0.00,0.00,2.09,13.06,6514.85,-283209.22
KIMBER A,01/12/20,9:43:02,Venta de Acciones.,378.00,32.65,0.00,0.00,0.00,3.95,24.68,12313.07,-270896.16
FIBRAPL 14,02/12/20,8:42:39,Venta de Acciones.,200.00,42.76,0.00,0.00,0.00,2.74,17.10,8532.16,98307.27
FIBRAPL 14,02/12/20,8:42:39,Venta de Acciones.,300.00,42.76,0.00,0.00,0.00,4.11,25.66,12798.24,111105.51
FIBRAPL 14,02/12/20,8:42:39,Venta de Acciones.,100.00,42.75,0.00,0.00,0.00,1.37,8.55,4265.08,115370.59
FIBRAPL 14,02/12/20,8:42:39,Venta de Acciones.,100.00,42.73,0.00,0.00,0.00,1.37,8.55,4263.09,119633.68
FIBRAPL 14,02/12/20,8:42:39,Venta de Acciones.,2.00,42.70,0.00,0.00,0.00,0.03,0.17,85.20,119718.88
FIBRAPL 14,02/12/20,8:42:39,Venta de Acciones.,5.00,42.70,0.00,0.00,0.00,0.07,0.43,213.00,119931.88
FIBRAPL 14,02/12/20,8:42:39,Venta de Acciones.,40.00,42.65,0.00,0.00,0.00,0.55,3.41,1702.04,121633.93
FIBRAPL 14,02/12/20,8:42:40,Venta de Acciones.,100.00,42.65,0.00,0.00,0.00,1.36,8.53,4255.11,125889.03
FIBRAPL 14,02/12/20,8:42:40,Venta de Acciones.,100.00,42.65,0.00,0.00,0.00,1.36,8.53,4255.11,130144.14
FIBRAPL 14,02/12/20,8:42:40,Venta de Acciones.,5.00,42.65,0.00,0.00,0.00,0.07,0.43,212.76,130356.89
FIBRAPL 14,02/12/20,8:42:40,Venta de Acciones.,1.00,42.60,0.00,0.00,0.00,0.01,0.09,42.50,130399.39
FIBRAPL 14,02/12/20,8:42:40,Venta de Acciones.,1.00,42.60,0.00,0.00,0.00,0.01,0.09,42.50,130441.89
FIBRAPL 14,02/12/20,8:42:40,Venta de Acciones.,1.00,42.60,0.00,0.00,0.00,0.01,0.09,42.50,130484.40
FIBRAPL 14,02/12/20,8:42:40,Venta de Acciones.,100.00,42.60,0.00,0.00,0.00,1.36,8.52,4250.12,134734.51
FIBRAPL 14,02/12/20,8:42:45,Venta de Acciones.,1.00,42.63,0.00,0.00,0.00,0.01,0.09,42.53,134777.04
FIBRAPL 14,02/12/20,8:52:15,Venta de Acciones.,73.00,42.58,0.00,0.00,0.00,0.99,6.22,3101.13,137878.17
FIBRAPL 14,02/12/20,8:52:54,Venta de Acciones.,400.00,42.58,0.00,0.00,0.00,5.45,34.06,16992.49,154870.66
FIBRAPL 14,02/12/20,8:53:03,Venta de Acciones.,500.00,42.58,0.00,0.00,0.00,6.81,42.58,21240.61,176111.27
FIBRAPL 14,02/12/20,8:53:03,Venta de Acciones.,100.00,42.58,0.00,0.00,0.00,1.36,8.52,4248.12,180359.39
FIBRAPL 14,02/12/20,8:53:05,Venta de Acciones.,100.00,42.58,0.00,0.00,0.00,1.36,8.52,4248.12,184607.51
FIBRAPL 14,02/12/20,8:53:12,Venta de Acciones.,1947.00,42.58,0.00,0.00,0.00,26.53,165.81,82710.92,267318.43
SPOT N,02/12/20,10:35:25,Venta de Acciones.,6.00,6200.00,0.00,0.00,0.00,11.90,74.40,37113.70,304432.13
GUSH *,02/12/20,2:58:56,Compra de Acciones.,14.00,696.60,0.00,0.00,0.00,3.12,19.50,9775.03,294657.10
GBMF2 BF,03/12/20,7:52:30,Compra Soc.de Inv.- Cliente             ,2428.00,36.97,0.00,0.00,0.00,0.00,0.00,89763.35,204893.75
ALFA A,03/12/20,11:37:15,Venta de Acciones.,526.00,16.54,0.00,0.00,0.00,2.78,17.40,8679.86,213573.61
ALFA A,03/12/20,11:37:16,Venta de Acciones.,1074.00,16.54,0.00,0.00,0.00,5.68,35.53,17722.75,231296.36
GUSH *,03/12/20,11:59:46,Venta de Acciones.,14.00,731.75,0.00,0.00,0.00,3.28,20.49,10220.73,241517.09
GBMF2 BF,04/12/20,7:51:47,Compra Soc.de Inv.- Cliente             ,5542.00,36.97,0.00,0.00,0.00,0.00,0.00,204891.45,36625.64
BIMBO A,04/12/20,8:43:19,Compra de Acciones.,100.00,43.86,0.00,0.00,0.00,1.40,8.77,4396.18,32229.46
BIMBO A,04/12/20,8:43:19,Compra de Acciones.,200.00,43.86,0.00,0.00,0.00,2.81,17.54,8792.35,23437.11
BIMBO A,04/12/20,8:43:19,Compra de Acciones.,68.00,43.87,0.00,0.00,0.00,0.95,5.97,2990.08,20447.03
BIMBO A,04/12/20,8:43:19,Compra de Acciones.,100.00,43.89,0.00,0.00,0.00,1.40,8.78,4399.18,16047.85
BIMBO A,04/12/20,8:43:19,Compra de Acciones.,102.00,43.90,0.00,0.00,0.00,1.43,8.96,4488.19,11559.66
GBMF2 BF,07/12/20,7:53:23,Compra Soc.de Inv.- Cliente             ,990.00,36.97,0.00,0.00,0.00,0.00,0.00,36603.36,-25043.70
ALFA A,07/12/20,10:07:07,Venta de Acciones.,1068.00,16.69,0.00,0.00,0.00,5.70,35.65,17783.57,-7260.13
ALFA A,07/12/20,10:07:07,Venta de Acciones.,532.00,16.69,0.00,0.00,0.00,2.84,17.76,8858.48,1598.35
GBMF2 BF,08/12/20,7:52:44,Venta Soc.de Inv.- Cliente              ,678.00,36.97,0.00,0.00,0.00,0.00,0.00,25068.33,26666.68
GBMF2 BF,09/12/20,7:53:14,Compra Soc.de Inv.- Cliente             ,721.00,36.97,0.00,0.00,0.00,0.00,0.00,26658.92,7.76
FIBRAMQ 12,09/12/20,9:07:55,Compra de Acciones.,2100.00,25.96,0.00,0.00,0.00,17.45,109.03,54642.48,-54634.71
FIBRAMQ 12,09/12/20,9:07:55,Compra de Acciones.,200.00,25.96,0.00,0.00,0.00,1.66,10.38,5204.05,-59838.76
FIBRAPL 14,09/12/20,9:15:47,Compra de Acciones.,100.00,43.50,0.00,0.00,0.00,1.39,8.70,4360.09,-64198.85
FIBRAPL 14,09/12/20,9:15:47,Compra de Acciones.,100.00,43.50,0.00,0.00,0.00,1.39,8.70,4360.09,-68558.94
FIBRAPL 14,09/12/20,9:16:00,Compra de Acciones.,232.00,43.50,0.00,0.00,0.00,3.23,20.18,10115.41,-78674.36
FIBRAPL 14,09/12/20,9:16:01,Compra de Acciones.,100.00,43.50,0.00,0.00,0.00,1.39,8.70,4360.09,-83034.45
FIBRAPL 14,09/12/20,9:16:01,Compra de Acciones.,40.00,43.50,0.00,0.00,0.00,0.56,3.48,1744.04,-84778.48
BIMBO A,09/12/20,9:45:31,Venta de Acciones.,100.00,42.70,0.00,0.00,0.00,1.37,8.54,4260.09,-80518.39
BIMBO A,09/12/20,9:46:00,Venta de Acciones.,300.00,42.70,0.00,0.00,0.00,4.10,25.62,12780.28,-67738.11
BIMBO A,09/12/20,9:46:03,Venta de Acciones.,100.00,42.70,0.00,0.00,0.00,1.37,8.54,4260.09,-63478.02
BIMBO A,09/12/20,9:46:27,Venta de Acciones.,70.00,42.70,0.00,0.00,0.00,0.96,5.98,2982.07,-60495.95
GENTERA *,10/12/20,9:15:27,Compra de Acciones.,168.00,8.70,0.00,0.00,0.00,0.47,2.92,1464.99,-61960.94
GENTERA *,10/12/20,9:15:27,Compra de Acciones.,200.00,8.70,0.00,0.00,0.00,0.56,3.48,1744.04,-63704.98
GENTERA *,10/12/20,9:15:28,Compra de Acciones.,1356.00,8.70,0.00,0.00,0.00,3.78,23.59,11824.57,-75529.55
LALA B,10/12/20,9:40:50,Compra de Acciones.,100.00,15.30,0.00,0.00,0.00,0.49,3.06,1533.55,-77063.10
LALA B,10/12/20,9:40:50,Compra de Acciones.,90.00,15.30,0.00,0.00,0.00,0.44,2.75,1380.19,-78443.29
LALA B,10/12/20,9:40:50,Compra de Acciones.,100.00,15.30,0.00,0.00,0.00,0.49,3.06,1533.55,-79976.84
LALA B,10/12/20,9:41:59,Compra de Acciones.,200.00,15.30,0.00,0.00,0.00,0.98,6.12,3067.10,-83043.94
ALSEA *,10/12/20,10:09:14,Compra de Acciones.,150.00,28.70,0.00,0.00,0.00,1.38,8.61,4314.99,-87358.93
ALSEA *,10/12/20,10:09:14,Compra de Acciones.,100.00,28.70,0.00,0.00,0.00,0.92,5.74,2876.66,-90235.59
ALSEA *,10/12/20,10:09:22,Compra de Acciones.,11.00,28.70,0.00,0.00,0.00,0.10,0.63,316.43,-90552.02
FIBRAPL 14,10/12/20,10:27:18,Venta de Acciones.,32.00,43.90,0.00,0.00,0.00,0.45,2.81,1401.54,-89150.48
FIBRAPL 14,10/12/20,10:27:25,Venta de Acciones.,100.00,43.90,0.00,0.00,0.00,1.40,8.78,4379.82,-84770.66
FIBRAPL 14,10/12/20,10:30:41,Venta de Acciones.,100.00,43.90,0.00,0.00,0.00,1.40,8.78,4379.82,-80390.85
FIBRAPL 14,10/12/20,10:32:07,Venta de Acciones.,100.00,43.90,0.00,0.00,0.00,1.40,8.78,4379.82,-76011.03
FIBRAPL 14,10/12/20,10:32:28,Venta de Acciones.,100.00,43.90,0.00,0.00,0.00,1.40,8.78,4379.82,-71631.22
FIBRAPL 14,10/12/20,10:36:29,Venta de Acciones.,90.00,43.88,0.00,0.00,0.00,1.26,7.90,3940.04,-67691.18
FIBRAPL 14,10/12/20,10:36:38,Venta de Acciones.,50.00,43.88,0.00,0.00,0.00,0.70,4.39,2188.91,-65502.27
TERRA 13,10/12/20,10:49:44,Venta de Acciones.,349.00,29.95,0.00,0.00,0.00,3.34,20.91,10428.30,-55073.97
TERRA 13,10/12/20,10:49:44,Venta de Acciones.,100.00,29.95,0.00,0.00,0.00,0.96,5.99,2988.05,-52085.92
TERRA 13,10/12/20,10:49:44,Venta de Acciones.,100.00,29.95,0.00,0.00,0.00,0.96,5.99,2988.05,-49097.87
TERRA 13,10/12/20,10:49:44,Venta de Acciones.,200.00,29.95,0.00,0.00,0.00,1.92,11.98,5976.10,-43121.76
TERRA 13,10/12/20,10:49:44,Venta de Acciones.,3031.00,29.95,0.00,0.00,0.00,29.05,181.56,90567.84,47446.08
ASUR B,10/12/20,10:53:55,Compra de Acciones.,29.00,314.88,0.00,0.00,0.00,2.92,18.26,9152.71,38293.38
ASUR B,10/12/20,10:53:55,Compra de Acciones.,2.00,314.88,0.00,0.00,0.00,0.20,1.26,631.22,37662.15
TERRA 13,10/12/20,10:56:08,Venta de Acciones.,100.00,30.06,0.00,0.00,0.00,0.96,6.01,2999.03,40661.18
TERRA 13,10/12/20,10:56:08,Venta de Acciones.,100.00,30.06,0.00,0.00,0.00,0.96,6.01,2999.03,43660.21
TERRA 13,10/12/20,10:56:08,Venta de Acciones.,100.00,30.06,0.00,0.00,0.00,0.96,6.01,2999.03,46659.23
TERRA 13,10/12/20,10:56:09,Venta de Acciones.,100.00,30.06,0.00,0.00,0.00,0.96,6.01,2999.03,49658.26
TERRA 13,10/12/20,10:56:09,Venta de Acciones.,100.00,30.06,0.00,0.00,0.00,0.96,6.01,2999.03,52657.28
TERRA 13,10/12/20,10:56:09,Venta de Acciones.,100.00,30.06,0.00,0.00,0.00,0.96,6.01,2999.03,55656.31
TERRA 13,10/12/20,10:56:09,Venta de Acciones.,100.00,30.06,0.00,0.00,0.00,0.96,6.01,2999.03,58655.34
TERRA 13,10/12/20,10:56:09,Venta de Acciones.,100.00,30.06,0.00,0.00,0.00,0.96,6.01,2999.03,61654.36
TERRA 13,10/12/20,10:57:13,Venta de Acciones.,300.00,30.06,0.00,0.00,0.00,2.89,18.04,8997.08,70651.44
TERRA 13,10/12/20,10:57:18,Venta de Acciones.,162.00,30.06,0.00,0.00,0.00,1.56,9.74,4858.42,75509.86
ALSEA *,10/12/20,2:54:12,Compra de Acciones.,94.00,28.39,0.00,0.00,0.00,0.85,5.34,2674.85,72835.01
ALSEA *,10/12/20,2:54:15,Compra de Acciones.,90.00,28.39,0.00,0.00,0.00,0.82,5.11,2561.03,70273.98
ALSEA *,10/12/20,2:54:22,Compra de Acciones.,82.00,28.39,0.00,0.00,0.00,0.75,4.66,2333.38,67940.60
ALSEA *,10/12/20,2:54:28,Compra de Acciones.,80.00,28.39,0.00,0.00,0.00,0.73,4.54,2276.47,65664.13
ASUR B,10/12/20,2:54:44,Compra de Acciones.,3.00,315.78,0.00,0.00,0.00,0.30,1.89,949.54,64714.60
ASUR B,10/12/20,2:54:44,Compra de Acciones.,5.00,315.78,0.00,0.00,0.00,0.51,3.16,1582.56,63132.03
ASUR B,10/12/20,2:54:44,Compra de Acciones.,5.00,315.78,0.00,0.00,0.00,0.51,3.16,1582.56,61549.47
ALSEA *,10/12/20,2:54:45,Compra de Acciones.,90.00,28.39,0.00,0.00,0.00,0.82,5.11,2561.03,58988.44
ASUR B,10/12/20,2:54:45,Compra de Acciones.,85.00,315.78,0.00,0.00,0.00,8.59,53.68,26903.57,32084.87
ALSEA *,10/12/20,2:54:53,Compra de Acciones.,400.00,28.39,0.00,0.00,0.00,3.63,22.71,11382.35,20702.52
ALSEA *,10/12/20,2:54:58,Compra de Acciones.,55.00,28.39,0.00,0.00,0.00,0.50,3.12,1565.07,19137.45
CEMEX CPO,10/12/20,2:59:55,Compra de Acciones.,700.00,10.97,0.00,0.00,0.00,2.46,15.36,7696.82,11440.64
GBMF2 BF,11/12/20,7:53:49,Venta Soc.de Inv.- Cliente              ,1637.00,36.98,0.00,0.00,0.00,0.00,0.00,60530.75,71971.39
ALSEA *,11/12/20,9:35:34,Compra de Acciones.,100.00,27.27,0.00,0.00,0.00,0.65,4.09,2731.75,69202.67
ALSEA *,11/12/20,9:35:34,Compra de Acciones.,6.00,27.27,0.00,0.00,0.00,0.04,0.25,163.90,69038.77
ALSEA *,11/12/20,9:35:34,Compra de Acciones.,100.00,27.27,0.00,0.00,0.00,0.65,4.09,2731.75,66307.02
ALSEA *,11/12/20,9:35:34,Compra de Acciones.,100.00,27.27,0.00,0.00,0.00,0.65,4.09,2731.75,63575.28
ALSEA *,11/12/20,9:35:34,Compra de Acciones.,60.00,27.27,0.00,0.00,0.00,0.39,2.45,1639.05,61936.23
CEMEX CPO,11/12/20,9:37:35,Compra de Acciones.,331.00,10.60,0.00,0.00,0.00,0.84,5.26,3514.71,58421.52
KIMBER A,11/12/20,12:21:36,Compra de Acciones.,2.00,33.09,0.00,0.00,0.00,0.02,0.10,66.30,58355.23
KIMBER A,11/12/20,12:21:36,Compra de Acciones.,100.00,33.09,0.00,0.00,0.00,0.79,4.96,3314.76,55040.47
KIMBER A,11/12/20,12:21:36,Compra de Acciones.,145.00,33.09,0.00,0.00,0.00,1.15,7.20,4806.40,50234.07
KIMBER A,11/12/20,12:21:37,Compra de Acciones.,56.00,33.09,0.00,0.00,0.00,0.44,2.78,1856.26,48377.81
KIMBER A,11/12/20,12:21:37,Compra de Acciones.,89.00,33.09,0.00,0.00,0.00,0.71,4.42,2950.13,45427.67
KIMBER A,11/12/20,12:21:37,Compra de Acciones.,300.00,33.09,0.00,0.00,0.00,2.38,14.89,9944.27,35483.40
KIMBER A,11/12/20,12:21:37,Compra de Acciones.,11.00,33.09,0.00,0.00,0.00,0.09,0.55,364.62,35118.78
KIMBER A,11/12/20,12:26:12,Compra de Acciones.,43.00,33.15,0.00,0.00,0.00,0.34,2.14,1427.93,33690.85
KIMBER A,11/12/20,12:26:12,Compra de Acciones.,100.00,33.15,0.00,0.00,0.00,0.80,4.97,3320.77,30370.08
KIMBER A,11/12/20,12:26:13,Compra de Acciones.,124.00,33.15,0.00,0.00,0.00,0.99,6.17,4117.75,26252.33
KIMBER A,11/12/20,12:26:21,Compra de Acciones.,167.00,33.15,0.00,0.00,0.00,1.33,8.30,5545.68,20706.64
KIMBER A,11/12/20,12:26:42,Compra de Acciones.,140.00,33.15,0.00,0.00,0.00,1.11,6.96,4649.08,16057.57
KIMBER A,11/12/20,12:26:59,Compra de Acciones.,274.00,33.15,0.00,0.00,0.00,2.18,13.62,9098.90,6958.66
FIBRAMQ 12,11/12/20,12:44:27,Venta de Acciones.,100.00,26.09,0.00,0.00,0.00,0.63,3.91,2604.46,9563.12
FIBRAMQ 12,11/12/20,12:44:27,Venta de Acciones.,48.00,26.09,0.00,0.00,0.00,0.30,1.88,1250.14,10813.26
FIBRAMQ 12,11/12/20,12:44:27,Venta de Acciones.,500.00,26.09,0.00,0.00,0.00,3.13,19.57,13022.30,23835.57
FIBRAMQ 12,11/12/20,12:44:27,Venta de Acciones.,100.00,26.09,0.00,0.00,0.00,0.63,3.91,2604.46,26440.03
FIBRAMQ 12,11/12/20,12:44:27,Venta de Acciones.,19.00,26.09,0.00,0.00,0.00,0.12,0.74,494.85,26934.87
KIMBER A,11/12/20,12:47:37,Compra de Acciones.,130.00,33.15,0.00,0.00,0.00,1.03,6.46,4317.00,22617.88
KIMBER A,11/12/20,12:47:41,Compra de Acciones.,270.00,33.15,0.00,0.00,0.00,2.15,13.43,8966.07,13651.80
KIMBER A,11/12/20,12:47:43,Compra de Acciones.,100.00,33.15,0.00,0.00,0.00,0.80,4.97,3320.77,10331.03
KIMBER A,11/12/20,12:47:47,Compra de Acciones.,31.00,33.15,0.00,0.00,0.00,0.25,1.54,1029.44,9301.60
KIMBER A,11/12/20,12:47:58,Compra de Acciones.,184.00,33.15,0.00,0.00,0.00,1.46,9.15,6110.21,3191.38
GBMF2 BF,11/12/20,1:24:29,Compra Soc.de Inv.- Cliente             ,1.00,36.98,0.00,0.00,0.00,0.00,0.00,36.98,71934.42
FIBRAMQ 12,11/12/20,1:38:50,Venta de Acciones.,3.00,26.35,0.00,0.00,0.00,0.02,0.12,78.91,3270.29
FIBRAMQ 12,11/12/20,1:39:43,Venta de Acciones.,100.00,26.32,0.00,0.00,0.00,0.63,3.95,2627.42,5897.71
FIBRAMQ 12,11/12/20,1:39:43,Venta de Acciones.,49.00,26.32,0.00,0.00,0.00,0.31,1.93,1287.44,7185.15
FIBRAMQ 12,11/12/20,1:39:43,Venta de Acciones.,100.00,26.32,0.00,0.00,0.00,0.63,3.95,2627.42,9812.57
FIBRAMQ 12,11/12/20,1:39:43,Venta de Acciones.,186.00,26.32,0.00,0.00,0.00,1.17,7.34,4887.00,14699.57
FIBRAMQ 12,11/12/20,1:39:44,Venta de Acciones.,14.00,26.32,0.00,0.00,0.00,0.09,0.55,367.84,15067.41
FIBRAMQ 12,11/12/20,1:39:44,Venta de Acciones.,14.00,26.32,0.00,0.00,0.00,0.09,0.55,367.84,15435.25
FIBRAMQ 12,11/12/20,1:39:44,Venta de Acciones.,10.00,26.32,0.00,0.00,0.00,0.06,0.39,262.74,15697.99
FIBRAMQ 12,11/12/20,1:39:49,Venta de Acciones.,100.00,26.32,0.00,0.00,0.00,0.63,3.95,2627.42,18325.41
FIBRAMQ 12,11/12/20,1:39:51,Venta de Acciones.,190.00,26.32,0.00,0.00,0.00,1.20,7.50,4992.10,23317.51
FIBRAMQ 12,11/12/20,1:43:44,Venta de Acciones.,100.00,26.31,0.00,0.00,0.00,0.63,3.95,2626.42,25943.93
FIBRAMQ 12,11/12/20,1:43:44,Venta de Acciones.,100.00,26.31,0.00,0.00,0.00,0.63,3.95,2626.42,28570.36
FIBRAMQ 12,11/12/20,1:43:52,Venta de Acciones.,45.00,26.31,0.00,0.00,0.00,0.28,1.78,1181.89,29752.25
FIBRAMQ 12,11/12/20,1:44:24,Venta de Acciones.,42.00,26.31,0.00,0.00,0.00,0.27,1.66,1103.10,30855.34
FIBRAMQ 12,11/12/20,1:44:52,Venta de Acciones.,480.00,26.31,0.00,0.00,0.00,3.03,18.94,12606.83,43462.17
GBMF2 BF,14/12/20,7:53:18,Compra Soc.de Inv.- Cliente             ,1945.00,36.98,0.00,0.00,0.00,0.00,0.00,71922.66,-28460.49
BIMBO A,14/12/20,11:36:57,Compra de Acciones.,100.00,42.25,0.00,0.00,0.00,1.35,8.45,4234.80,-32695.29
BIMBO A,14/12/20,11:36:57,Compra de Acciones.,100.00,42.25,0.00,0.00,0.00,1.35,8.45,4234.80,-36930.10
BIMBO A,14/12/20,11:36:57,Compra de Acciones.,100.00,42.25,0.00,0.00,0.00,1.35,8.45,4234.80,-41164.90
BIMBO A,14/12/20,11:36:57,Compra de Acciones.,200.00,42.25,0.00,0.00,0.00,2.70,16.90,8469.60,-49634.50
BIMBO A,14/12/20,11:36:57,Compra de Acciones.,100.00,42.25,0.00,0.00,0.00,1.35,8.45,4234.80,-53869.30
BIMBO A,14/12/20,11:36:57,Compra de Acciones.,100.00,42.25,0.00,0.00,0.00,1.35,8.45,4234.80,-58104.11
BIMBO A,14/12/20,11:36:57,Compra de Acciones.,246.00,42.25,0.00,0.00,0.00,3.33,20.79,10417.61,-68521.72
AC *,14/12/20,11:40:41,Compra de Acciones.,235.00,101.82,0.00,0.00,0.00,7.66,47.86,23983.21,-92504.93
KOF UBL,14/12/20,11:44:22,Compra de Acciones.,175.00,91.93,0.00,0.00,0.00,5.15,32.18,16125.07,-108630.00
AMX L,14/12/20,2:46:58,Compra de Acciones.,874.00,14.27,0.00,0.00,0.00,3.99,24.94,12500.92,-121130.92
AMX L,15/12/20,9:43:35,Compra de Acciones.,425.00,14.10,0.00,0.00,0.00,1.92,11.99,6006.40,-58694.45
GBMF2 BF,15/12/20,10:06:06,Venta Soc.de Inv.- Cliente              ,2014.00,36.98,0.00,0.00,0.00,0.00,0.00,74469.99,-46660.93
GBMF2 BF,15/12/20,1:29:21,Compra Soc.de Inv.- Cliente             ,163.00,36.98,0.00,0.00,0.00,0.00,0.00,6027.11,-52688.05
AC *,15/12/20,2:04:27,Compra de Acciones.,121.00,99.12,0.00,0.00,0.00,3.84,23.99,12021.34,-70715.80
GBMF2 BF,16/12/20,7:56:00,Venta Soc.de Inv.- Cliente              ,2507.00,36.98,0.00,0.00,0.00,0.00,0.00,92700.63,21984.83
GENTERA *,16/12/20,8:55:47,Venta de Acciones.,61.00,9.88,0.00,0.00,0.00,0.19,1.21,601.28,22586.12
GENTERA *,16/12/20,8:55:47,Venta de Acciones.,205.00,9.88,0.00,0.00,0.00,0.65,4.05,2020.70,24606.82
GENTERA *,16/12/20,8:55:48,Venta de Acciones.,215.00,9.88,0.00,0.00,0.00,0.68,4.25,2119.27,26726.09
GENTERA *,16/12/20,8:55:48,Venta de Acciones.,300.00,9.88,0.00,0.00,0.00,0.95,5.93,2957.12,29683.21
GENTERA *,16/12/20,8:55:48,Venta de Acciones.,81.00,9.88,0.00,0.00,0.00,0.26,1.60,798.42,30481.64
AC *,16/12/20,8:58:40,Compra de Acciones.,100.00,98.40,0.00,0.00,0.00,3.15,19.68,9862.83,20618.81
AC *,16/12/20,8:58:40,Compra de Acciones.,21.00,98.41,0.00,0.00,0.00,0.66,4.13,2071.40,18547.40
MSFT *,16/12/20,9:04:52,Venta de Acciones.,6.00,4311.00,0.00,0.00,0.00,8.28,51.73,25805.99,44353.39
GBMF2 BF,17/12/20,7:57:56,Venta Soc.de Inv.- Cliente              ,487.00,36.98,0.00,0.00,0.00,0.00,0.00,18008.08,62361.47
GBMF2 BF,17/12/20,11:00:38,Venta Soc.de Inv.- Cliente              ,325.00,36.98,0.00,0.00,0.00,0.00,0.00,12017.71,74379.18
GENTERA *,17/12/20,11:29:08,Venta de Acciones.,196.00,10.05,0.00,0.00,0.00,0.63,3.94,1965.23,76344.41
GENTERA *,17/12/20,11:29:08,Venta de Acciones.,100.00,10.04,0.00,0.00,0.00,0.32,2.01,1001.67,77346.08
GENTERA *,17/12/20,11:29:08,Venta de Acciones.,500.00,10.04,0.00,0.00,0.00,1.61,10.04,5008.35,82354.44
GENTERA *,17/12/20,11:29:08,Venta de Acciones.,66.00,10.04,0.00,0.00,0.00,0.21,1.33,661.10,83015.54
ASUR B,17/12/20,2:58:37,Venta de Acciones.,64.00,330.66,0.00,0.00,0.00,6.77,42.32,21113.14,104128.68
GBMF2 BF,18/12/20,7:57:38,Compra Soc.de Inv.- Cliente             ,605.00,36.98,0.00,0.00,0.00,0.00,0.00,22371.86,81756.82
GBMF2 BF,21/12/20,7:56:01,Compra Soc.de Inv.- Cliente             ,805.00,36.98,0.00,0.00,0.00,0.00,0.00,29769.25,52416.86
LALA B,21/12/20,10:19:34,Venta de Acciones.,490.00,15.64,0.00,0.00,0.00,2.45,15.33,7645.82,110060.24
BIMBO A,21/12/20,10:21:19,Venta de Acciones.,946.00,42.64,0.00,0.00,0.00,12.91,80.67,40243.86,150304.10
ASUR B,21/12/20,10:22:22,Venta de Acciones.,10.00,322.68,0.00,0.00,0.00,1.03,6.45,3219.31,153523.41
ASUR B,21/12/20,10:22:22,Venta de Acciones.,4.00,322.68,0.00,0.00,0.00,0.41,2.58,1287.73,154811.14
ASUR B,21/12/20,10:22:22,Venta de Acciones.,4.00,322.68,0.00,0.00,0.00,0.41,2.58,1287.73,156098.86
ASUR B,21/12/20,10:22:22,Venta de Acciones.,40.00,322.68,0.00,0.00,0.00,4.13,25.81,12877.26,168976.12
ASUR B,21/12/20,10:22:22,Venta de Acciones.,7.00,322.68,0.00,0.00,0.00,0.72,4.52,2253.52,171229.64
GBMF2 BF,21/12/20,11:20:26,Venta Soc.de Inv.- Cliente              ,3089.00,36.98,0.00,0.00,0.00,0.00,0.00,114232.58,166649.44
FPLUS 16,21/12/20,11:41:52,Compra de Acciones.,559.00,10.00,0.00,0.00,0.00,1.79,11.18,5602.97,165626.67
FPLUS 16,21/12/20,11:50:18,Compra de Acciones.,1486.00,10.00,0.00,0.00,0.00,4.76,29.72,14894.48,150732.19
FPLUS 16,21/12/20,11:50:44,Compra de Acciones.,1940.00,10.00,0.00,0.00,0.00,6.21,38.80,19445.01,131287.19
FIBRAPL 14,21/12/20,12:08:30,Compra de Acciones.,60.00,43.58,0.00,0.00,0.00,0.84,5.23,2620.87,128666.32
FIBRAPL 14,21/12/20,12:08:38,Compra de Acciones.,100.00,43.58,0.00,0.00,0.00,1.39,8.72,4368.11,124298.21
FIBRAPL 14,21/12/20,12:08:45,Compra de Acciones.,100.00,43.58,0.00,0.00,0.00,1.39,8.72,4368.11,119930.10
FIBRAPL 14,21/12/20,12:08:51,Compra de Acciones.,100.00,43.58,0.00,0.00,0.00,1.39,8.72,4368.11,115561.99
FIBRAPL 14,21/12/20,12:08:58,Compra de Acciones.,100.00,43.58,0.00,0.00,0.00,1.39,8.72,4368.11,111193.88
FIBRAPL 14,21/12/20,12:09:00,Compra de Acciones.,54.00,43.58,0.00,0.00,0.00,0.75,4.71,2358.78,108835.10
FIBRAPL 14,21/12/20,12:09:00,Compra de Acciones.,78.00,43.58,0.00,0.00,0.00,1.09,6.80,3407.13,105427.97
FIBRAPL 14,21/12/20,12:09:07,Compra de Acciones.,100.00,43.58,0.00,0.00,0.00,1.39,8.72,4368.11,101059.86
FIBRAPL 14,21/12/20,12:09:15,Compra de Acciones.,100.00,43.58,0.00,0.00,0.00,1.39,8.72,4368.11,96691.75
FIBRAPL 14,21/12/20,12:09:23,Compra de Acciones.,200.00,43.58,0.00,0.00,0.00,2.79,17.43,8736.22,87955.53
FIBRAPL 14,21/12/20,12:09:32,Compra de Acciones.,100.00,43.58,0.00,0.00,0.00,1.39,8.72,4368.11,83587.42
FIBRAPL 14,21/12/20,12:09:37,Compra de Acciones.,100.00,43.58,0.00,0.00,0.00,1.39,8.72,4368.11,79219.31
GBMF2 BF,21/12/20,1:25:21,Compra Soc.de Inv.- Cliente             ,1737.00,36.98,0.00,0.00,0.00,0.00,0.00,64235.02,102414.42
FIBRAPL 14,21/12/20,2:19:36,Compra de Acciones.,1500.00,42.72,0.00,0.00,0.00,20.51,128.16,64228.67,14990.64
GBMF2 BF,22/12/20,7:57:02,Compra Soc.de Inv.- Cliente             ,11.00,36.98,0.00,0.00,0.00,0.00,0.00,406.79,14583.85
TERRA 13,22/12/20,9:14:51,Compra de Acciones.,1500.00,29.32,0.00,0.00,0.00,14.07,87.96,44082.03,-279490.89
AMX L,22/12/20,12:53:27,Compra de Acciones.,1299.00,14.03,0.00,0.00,0.00,5.83,36.45,18267.25,-297758.14
GBMF2 BF,22/12/20,1:25:41,Compra Soc.de Inv.- Cliente             ,6760.00,36.98,0.00,0.00,0.00,0.00,0.00,249992.70,-235408.85
GBMF2 BF,23/12/20,7:57:54,Venta Soc.de Inv.- Cliente              ,2363.00,36.98,0.00,0.00,0.00,0.00,0.00,87388.47,-210369.67
ALSEA *,23/12/20,8:53:41,Venta de Acciones.,196.00,26.43,0.00,0.00,0.00,1.66,10.36,5168.26,-440185.05
ALSEA *,23/12/20,8:53:41,Venta de Acciones.,100.00,26.43,0.00,0.00,0.00,0.85,5.29,2636.87,-437548.18
FIBRAPL 14,23/12/20,9:08:55,Venta de Acciones.,104.00,43.48,0.00,0.00,0.00,1.45,9.04,4511.43,-433036.75
FIBRAPL 14,23/12/20,9:08:55,Venta de Acciones.,100.00,43.48,0.00,0.00,0.00,1.39,8.70,4337.91,-428698.84
FIBRAPL 14,23/12/20,9:08:55,Venta de Acciones.,100.00,43.48,0.00,0.00,0.00,1.39,8.70,4337.91,-424360.93
FIBRAPL 14,23/12/20,9:08:55,Venta de Acciones.,100.00,43.48,0.00,0.00,0.00,1.39,8.70,4337.91,-420023.02
FIBRAPL 14,23/12/20,9:08:55,Venta de Acciones.,5.00,43.48,0.00,0.00,0.00,0.07,0.43,216.90,-419806.12
FIBRAPL 14,23/12/20,9:08:55,Venta de Acciones.,100.00,43.48,0.00,0.00,0.00,1.39,8.70,4337.91,-415468.21
FIBRAPL 14,23/12/20,9:08:55,Venta de Acciones.,40.00,43.48,0.00,0.00,0.00,0.56,3.48,1735.17,-413733.04
FIBRAPL 14,23/12/20,9:36:28,Venta de Acciones.,4.00,43.35,0.00,0.00,0.00,0.06,0.35,173.00,-413560.05
FIBRAPL 14,23/12/20,9:36:28,Venta de Acciones.,100.00,43.35,0.00,0.00,0.00,1.39,8.67,4324.94,-409235.10
FIBRAPL 14,23/12/20,9:36:28,Venta de Acciones.,4.00,43.35,0.00,0.00,0.00,0.06,0.35,173.00,-409062.11
FIBRAPL 14,23/12/20,9:36:28,Venta de Acciones.,100.00,43.35,0.00,0.00,0.00,1.39,8.67,4324.94,-404737.16
TERRA 13,23/12/20,9:39:50,Venta de Acciones.,2.00,29.69,0.00,0.00,0.00,0.02,0.12,59.24,-404677.92
FIBRAPL 14,23/12/20,9:43:00,Venta de Acciones.,4.00,43.35,0.00,0.00,0.00,0.06,0.35,173.00,-404504.92
TERRA 13,23/12/20,9:43:14,Venta de Acciones.,1380.00,29.69,0.00,0.00,0.00,13.11,81.94,40877.14,-363627.78
TERRA 13,23/12/20,9:43:50,Venta de Acciones.,118.00,29.69,0.00,0.00,0.00,1.12,7.01,3495.29,-360132.49
FIBRAPL 14,23/12/20,9:43:50,Venta de Acciones.,388.00,43.35,0.00,0.00,0.00,5.38,33.64,16780.78,-343351.71
FIBRAPL 14,23/12/20,10:25:51,Venta de Acciones.,180.00,43.60,0.00,0.00,0.00,2.51,15.70,7829.79,-335521.92
FIBRAPL 14,23/12/20,10:25:51,Venta de Acciones.,100.00,43.60,0.00,0.00,0.00,1.40,8.72,4349.88,-331172.03
FIBRAPL 14,23/12/20,10:26:02,Venta de Acciones.,4.00,43.60,0.00,0.00,0.00,0.06,0.35,174.00,-330998.03
FIBRAPL 14,23/12/20,10:26:30,Venta de Acciones.,4.00,43.60,0.00,0.00,0.00,0.06,0.35,174.00,-330824.04
FIBRAPL 14,23/12/20,10:26:45,Venta de Acciones.,100.00,43.60,0.00,0.00,0.00,1.40,8.72,4349.88,-326474.15
FIBRAPL 14,23/12/20,10:40:15,Venta de Acciones.,79.00,43.60,0.00,0.00,0.00,1.10,6.89,3436.41,-323037.75
FIBRAPL 14,23/12/20,10:40:43,Venta de Acciones.,200.00,43.60,0.00,0.00,0.00,2.79,17.44,8699.77,-314337.98
FIBRAPL 14,23/12/20,10:40:52,Venta de Acciones.,4.00,43.60,0.00,0.00,0.00,0.06,0.35,174.00,-314163.98
FIBRAPL 14,23/12/20,10:40:52,Venta de Acciones.,800.00,43.60,0.00,0.00,0.00,11.16,69.76,34799.08,-279364.90
FIBRAPL 14,23/12/20,10:41:02,Venta de Acciones.,72.00,43.60,0.00,0.00,0.00,1.00,6.28,3131.92,-276232.99
AMX L,23/12/20,12:06:07,Venta de Acciones.,2598.00,14.35,0.00,0.00,0.00,11.93,74.56,37194.81,-239038.18
KIMBER A,23/12/20,12:44:34,Venta de Acciones.,107.00,33.33,0.00,0.00,0.00,1.14,7.13,3558.04,-235480.14
KIMBER A,23/12/20,12:44:38,Venta de Acciones.,400.00,33.33,0.00,0.00,0.00,4.27,26.66,13301.07,-222179.07
KIMBER A,23/12/20,12:44:48,Venta de Acciones.,1759.00,33.33,0.00,0.00,0.00,18.76,117.25,58491.45,-163687.62
GBMF2 BF,23/12/20,1:25:47,Compra Soc.de Inv.- Cliente             ,6354.00,36.98,0.00,0.00,0.00,0.00,0.00,234983.65,-445353.31
GBMF2 BF,24/12/20,7:58:34,Venta Soc.de Inv.- Cliente              ,1686.00,36.98,0.00,0.00,0.00,0.00,0.00,62352.79,-101334.82
FIHO 12,24/12/20,11:55:02,Compra de Acciones.,8193.00,4.35,0.00,0.00,0.00,11.40,71.28,35722.23,-137057.06
FIHO 12,24/12/20,11:55:02,Compra de Acciones.,1807.00,4.35,0.00,0.00,0.00,2.52,15.72,7878.69,-144935.74
GBMF2 BF,28/12/20,8:01:41,Compra Soc.de Inv.- Cliente             ,7615.00,36.99,0.00,0.00,0.00,0.00,0.00,281656.54,-426592.28
KIMBER A,28/12/20,9:45:29,Compra de Acciones.,65.00,32.77,0.00,0.00,0.00,0.68,4.26,2134.99,-523747.06
KIMBER A,28/12/20,9:46:00,Compra de Acciones.,18.00,32.77,0.00,0.00,0.00,0.19,1.18,591.23,-524338.29
KIMBER A,28/12/20,9:46:32,Compra de Acciones.,137.00,32.77,0.00,0.00,0.00,1.44,8.98,4499.91,-528838.19
KIMBER A,28/12/20,9:47:02,Compra de Acciones.,132.00,32.77,0.00,0.00,0.00,1.38,8.65,4335.68,-533173.87
KIMBER A,28/12/20,9:48:31,Compra de Acciones.,139.00,32.77,0.00,0.00,0.00,1.46,9.11,4565.60,-537739.46
KIMBER A,28/12/20,9:49:03,Compra de Acciones.,139.00,32.77,0.00,0.00,0.00,1.46,9.11,4565.60,-542305.06
FIHO 12,28/12/20,9:49:36,Compra de Acciones.,10000.00,4.25,0.00,0.00,0.00,13.60,85.00,42598.60,-584903.66
KIMBER A,28/12/20,9:50:55,Compra de Acciones.,196.00,32.77,0.00,0.00,0.00,2.06,12.85,6437.82,-591341.48
KOF UBL,28/12/20,9:57:30,Venta de Acciones.,175.00,91.99,0.00,0.00,0.00,5.15,32.20,16060.90,-575280.58
KIMBER A,28/12/20,10:11:19,Compra de Acciones.,198.00,32.77,0.00,0.00,0.00,2.08,12.98,6503.51,-581784.09
KIMBER A,28/12/20,10:12:54,Compra de Acciones.,100.00,32.77,0.00,0.00,0.00,1.05,6.55,3284.60,-585068.70
KIMBER A,28/12/20,10:13:55,Compra de Acciones.,200.00,32.77,0.00,0.00,0.00,2.10,13.11,6569.21,-591637.90
KIMBER A,28/12/20,10:13:57,Compra de Acciones.,126.00,32.77,0.00,0.00,0.00,1.32,8.26,4138.60,-595776.50
KIMBER A,28/12/20,10:14:44,Compra de Acciones.,18.00,32.77,0.00,0.00,0.00,0.19,1.18,591.23,-596367.73
KIMBER A,28/12/20,10:15:57,Compra de Acciones.,100.00,32.77,0.00,0.00,0.00,1.05,6.55,3284.60,-599652.33
KIMBER A,28/12/20,10:16:10,Compra de Acciones.,103.00,32.77,0.00,0.00,0.00,1.08,6.75,3383.14,-603035.47
KIMBER A,28/12/20,10:16:39,Compra de Acciones.,62.00,32.77,0.00,0.00,0.00,0.65,4.06,2036.45,-605071.93
KIMBER A,28/12/20,10:16:51,Compra de Acciones.,257.00,32.77,0.00,0.00,0.00,2.70,16.84,8441.43,-613513.36
KIMBER A,28/12/20,10:18:38,Compra de Acciones.,10.00,32.77,0.00,0.00,0.00,0.10,0.66,328.46,-613841.82
KIMBER A,28/12/20,11:36:56,Venta de Acciones.,1036.00,33.07,0.00,0.00,0.00,10.96,68.52,34181.04,-579660.78
KIMBER A,28/12/20,11:36:57,Venta de Acciones.,964.00,33.07,0.00,0.00,0.00,10.20,63.76,31805.52,-547855.26
GBMF2 BF,28/12/20,1:28:23,Compra Soc.de Inv.- Cliente             ,2569.00,36.99,0.00,0.00,0.00,0.00,0.00,95019.78,-521612.07
GBMF2 BF,29/12/20,7:57:14,Venta Soc.de Inv.- Cliente              ,1178.00,36.99,0.00,0.00,0.00,0.00,0.00,43572.19,-504283.07
ALSEA *,29/12/20,8:58:52,Venta de Acciones.,10.00,26.53,0.00,0.00,0.00,0.08,0.53,264.68,-504018.39
ALSEA *,29/12/20,8:58:52,Venta de Acciones.,200.00,26.53,0.00,0.00,0.00,1.70,10.61,5293.69,-498724.70
ALSEA *,29/12/20,8:58:52,Venta de Acciones.,24.00,26.52,0.00,0.00,0.00,0.20,1.27,635.00,-498089.69
ALSEA *,29/12/20,8:58:52,Venta de Acciones.,100.00,26.52,0.00,0.00,0.00,0.85,5.30,2645.85,-495443.85
ALSEA *,29/12/20,8:58:52,Venta de Acciones.,24.00,26.52,0.00,0.00,0.00,0.20,1.27,635.00,-494808.84
ALSEA *,29/12/20,8:58:52,Venta de Acciones.,864.00,26.52,0.00,0.00,0.00,7.33,45.83,22860.12,-471948.72
CEMEX CPO,29/12/20,9:00:18,Venta de Acciones.,1000.00,10.42,0.00,0.00,0.00,3.33,20.84,10395.83,-461552.90
CEMEX CPO,29/12/20,9:00:28,Venta de Acciones.,31.00,10.42,0.00,0.00,0.00,0.10,0.65,322.27,-461230.63
FIHO 12,29/12/20,10:27:18,Venta de Acciones.,5.00,4.32,0.00,0.00,0.00,0.01,0.04,21.55,-461209.08
FIHO 12,29/12/20,10:27:43,Venta de Acciones.,270.00,4.32,0.00,0.00,0.00,0.37,2.33,1163.69,-460045.38
FIHO 12,29/12/20,10:30:09,Venta de Acciones.,1515.00,4.32,0.00,0.00,0.00,2.09,13.09,6529.62,-453515.77
FIHO 12,29/12/20,10:30:45,Venta de Acciones.,8210.00,4.32,0.00,0.00,0.00,11.35,70.93,35384.92,-418130.85
FIBRAPL 14,29/12/20,10:36:51,Compra de Acciones.,1000.00,43.70,0.00,0.00,0.00,13.98,87.40,43801.38,-461932.23
FIHO 12,29/12/20,10:54:35,Venta de Acciones.,7000.00,4.34,0.00,0.00,0.00,9.72,60.76,30309.52,-431622.72
FIBRAPL 14,29/12/20,11:27:54,Compra de Acciones.,100.00,43.62,0.00,0.00,0.00,1.40,8.72,4372.12,-435994.83
FIBRAPL 14,29/12/20,11:27:54,Compra de Acciones.,20.00,43.62,0.00,0.00,0.00,0.28,1.74,874.42,-436869.26
FIBRAPL 14,29/12/20,11:27:54,Compra de Acciones.,10.00,43.62,0.00,0.00,0.00,0.14,0.87,437.21,-437306.47
FIBRAPL 14,29/12/20,11:27:54,Compra de Acciones.,10.00,43.62,0.00,0.00,0.00,0.14,0.87,437.21,-437743.68
FIBRAPL 14,29/12/20,11:27:54,Compra de Acciones.,100.00,43.62,0.00,0.00,0.00,1.40,8.72,4372.12,-442115.80
FIBRAPL 14,29/12/20,11:27:56,Compra de Acciones.,760.00,43.62,0.00,0.00,0.00,10.61,66.30,33228.11,-475343.91
FMTY 14,29/12/20,12:50:27,Compra de Acciones.,122.00,11.38,0.00,0.00,0.00,0.44,2.78,1391.58,-476735.49
FMTY 14,29/12/20,12:51:23,Compra de Acciones.,150.00,11.38,0.00,0.00,0.00,0.55,3.41,1710.96,-478446.45
FMTY 14,29/12/20,12:52:22,Compra de Acciones.,70.00,11.38,0.00,0.00,0.00,0.25,1.59,798.45,-479244.90
FMTY 14,29/12/20,12:53:23,Compra de Acciones.,80.00,11.38,0.00,0.00,0.00,0.29,1.82,912.51,-480157.41
FMTY 14,29/12/20,12:54:21,Compra de Acciones.,70.00,11.38,0.00,0.00,0.00,0.25,1.59,798.45,-480955.86
FMTY 14,29/12/20,12:55:28,Compra de Acciones.,35.00,11.38,0.00,0.00,0.00,0.13,0.80,399.22,-481355.09
FMTY 14,29/12/20,12:56:26,Compra de Acciones.,28.00,11.38,0.00,0.00,0.00,0.10,0.64,319.38,-481674.47
FMTY 14,29/12/20,12:57:23,Compra de Acciones.,73.00,11.38,0.00,0.00,0.00,0.27,1.66,832.67,-482507.13
FMTY 14,29/12/20,12:58:22,Compra de Acciones.,70.00,11.38,0.00,0.00,0.00,0.25,1.59,798.45,-483305.58
FMTY 14,29/12/20,12:59:25,Compra de Acciones.,41.00,11.38,0.00,0.00,0.00,0.15,0.93,467.66,-483773.24
FMTY 14,29/12/20,1:00:21,Compra de Acciones.,50.00,11.38,0.00,0.00,0.00,0.18,1.14,570.32,-484343.56
FMTY 14,29/12/20,1:01:19,Compra de Acciones.,20.00,11.38,0.00,0.00,0.00,0.07,0.46,228.13,-484571.69
FMTY 14,29/12/20,1:02:20,Compra de Acciones.,20.00,11.38,0.00,0.00,0.00,0.07,0.46,228.13,-484799.82
FMTY 14,29/12/20,1:02:30,Compra de Acciones.,5171.00,11.38,0.00,0.00,0.00,18.83,117.69,58982.50,-543782.32
FIBRAPL 14,29/12/20,2:20:06,Compra de Acciones.,2000.00,43.16,0.00,0.00,0.00,27.62,172.64,86520.26,-630302.59
FPLUS 16,29/12/20,2:21:22,Venta de Acciones.,170.00,10.40,0.00,0.00,0.00,0.57,3.54,1763.90,-628538.69
FPLUS 16,29/12/20,2:21:22,Venta de Acciones.,1.00,10.40,0.00,0.00,0.00,0.00,0.02,10.38,-628528.31
FPLUS 16,29/12/20,2:21:22,Venta de Acciones.,2.00,10.40,0.00,0.00,0.00,0.01,0.04,20.75,-628507.56
FPLUS 16,29/12/20,2:22:54,Venta de Acciones.,10.00,10.30,0.00,0.00,0.00,0.03,0.21,102.76,-628404.80
FPLUS 16,29/12/20,2:22:54,Venta de Acciones.,1000.00,10.30,0.00,0.00,0.00,3.30,20.60,10276.10,-618128.69
FPLUS 16,29/12/20,2:22:54,Venta de Acciones.,500.00,10.30,0.00,0.00,0.00,1.65,10.30,5138.05,-612990.64
GBMF2 BF,30/12/20,8:00:00,Venta Soc.de Inv.- Cliente              ,710.00,36.99,0.00,0.00,0.00,0.00,0.00,26262.56,-586728.08
FIBRAPL 14,30/12/20,8:42:07,Venta de Acciones.,100.00,43.90,0.00,0.00,0.00,1.40,8.78,4379.82,-582348.26
FIBRAPL 14,30/12/20,8:42:07,Venta de Acciones.,100.00,43.90,0.00,0.00,0.00,1.40,8.78,4379.82,-577968.45
FIBRAPL 14,30/12/20,8:44:36,Venta de Acciones.,500.00,43.74,0.00,0.00,0.00,7.00,43.74,21819.26,-556149.19
FIBRAPL 14,30/12/20,8:44:36,Venta de Acciones.,100.00,43.73,0.00,0.00,0.00,1.40,8.75,4362.85,-551786.33
FIBRAPL 14,30/12/20,8:44:36,Venta de Acciones.,100.00,43.73,0.00,0.00,0.00,1.40,8.75,4362.85,-547423.48
FPLUS 16,30/12/20,8:45:25,Venta de Acciones.,50.00,10.30,0.00,0.00,0.00,0.16,1.03,513.81,-546909.67
FPLUS 16,30/12/20,8:45:25,Venta de Acciones.,100.00,10.30,0.00,0.00,0.00,0.33,2.06,1027.61,-545882.06
FIBRAPL 14,30/12/20,9:01:11,Venta de Acciones.,100.00,43.79,0.00,0.00,0.00,1.40,8.76,4368.84,-541513.22
FIBRAPL 14,30/12/20,9:01:12,Venta de Acciones.,200.00,43.79,0.00,0.00,0.00,2.80,17.52,8737.68,-532775.54
FIBRAPL 14,30/12/20,9:01:13,Venta de Acciones.,800.00,43.79,0.00,0.00,0.00,11.21,70.06,34950.73,-497824.81
FIBRAPL 14,30/12/20,9:01:14,Venta de Acciones.,100.00,43.79,0.00,0.00,0.00,1.40,8.76,4368.84,-493455.97
FIBRAPL 14,30/12/20,9:01:14,Venta de Acciones.,200.00,43.79,0.00,0.00,0.00,2.80,17.52,8737.68,-484718.29
FIBRAPL 14,30/12/20,9:01:23,Venta de Acciones.,169.00,43.79,0.00,0.00,0.00,2.37,14.80,7383.34,-477334.95
FIBRAPL 14,30/12/20,9:01:43,Venta de Acciones.,100.00,43.79,0.00,0.00,0.00,1.40,8.76,4368.84,-472966.11
FIBRAPL 14,30/12/20,9:01:44,Venta de Acciones.,1000.00,43.79,0.00,0.00,0.00,14.01,87.58,43688.41,-429277.70
FIBRAPL 14,30/12/20,9:01:48,Venta de Acciones.,100.00,43.79,0.00,0.00,0.00,1.40,8.76,4368.84,-424908.86
FIBRAPL 14,30/12/20,9:01:52,Venta de Acciones.,100.00,43.79,0.00,0.00,0.00,1.40,8.76,4368.84,-420540.02
FIBRAPL 14,30/12/20,9:01:52,Venta de Acciones.,200.00,43.79,0.00,0.00,0.00,2.80,17.52,8737.68,-411802.34
FIBRAPL 14,30/12/20,9:01:58,Venta de Acciones.,31.00,43.79,0.00,0.00,0.00,0.43,2.72,1354.34,-410448.00
FPLUS 16,30/12/20,11:08:12,Venta de Acciones.,100.00,10.68,0.00,0.00,0.00,0.34,2.14,1065.52,-409382.48
FPLUS 16,30/12/20,11:13:44,Venta de Acciones.,2.00,10.68,0.00,0.00,0.00,0.01,0.04,21.31,-409361.17
FPLUS 16,30/12/20,11:26:50,Venta de Acciones.,60.00,10.68,0.00,0.00,0.00,0.21,1.28,639.31,-408721.85
FPLUS 16,30/12/20,11:30:47,Venta de Acciones.,9.00,10.68,0.00,0.00,0.00,0.03,0.19,95.90,-408625.96
FPLUS 16,30/12/20,11:31:08,Venta de Acciones.,1.00,10.68,0.00,0.00,0.00,0.00,0.02,10.66,-408615.30
FPLUS 16,30/12/20,11:32:46,Venta de Acciones.,100.00,10.68,0.00,0.00,0.00,0.34,2.14,1065.52,-407549.78
FPLUS 16,30/12/20,11:35:39,Venta de Acciones.,3.00,10.68,0.00,0.00,0.00,0.01,0.06,31.97,-407517.81
FPLUS 16,30/12/20,11:35:48,Venta de Acciones.,1.00,10.68,0.00,0.00,0.00,0.00,0.02,10.66,-407507.16
FPLUS 16,30/12/20,11:36:09,Venta de Acciones.,3.00,10.68,0.00,0.00,0.00,0.01,0.06,31.97,-407475.19
FMTY 14,30/12/20,11:45:21,Venta de Acciones.,15.00,11.50,0.00,0.00,0.00,0.06,0.35,172.10,-407303.09
FMTY 14,30/12/20,11:45:21,Venta de Acciones.,58.00,11.50,0.00,0.00,0.00,0.21,1.33,665.45,-406637.64
FMTY 14,30/12/20,11:46:11,Venta de Acciones.,3.00,11.50,0.00,0.00,0.00,0.01,0.07,34.42,-406603.22
FMTY 14,30/12/20,11:46:12,Venta de Acciones.,3.00,11.50,0.00,0.00,0.00,0.01,0.07,34.42,-406568.80
FMTY 14,30/12/20,11:47:04,Venta de Acciones.,30.00,11.50,0.00,0.00,0.00,0.11,0.69,344.20,-406224.60
FMTY 14,30/12/20,11:47:05,Venta de Acciones.,30.00,11.50,0.00,0.00,0.00,0.11,0.69,344.20,-405880.40
FMTY 14,30/12/20,11:47:10,Venta de Acciones.,5.00,11.50,0.00,0.00,0.00,0.02,0.12,57.37,-405823.03
FMTY 14,30/12/20,11:47:11,Venta de Acciones.,5.00,11.50,0.00,0.00,0.00,0.02,0.12,57.37,-405765.67
FMTY 14,30/12/20,11:47:18,Venta de Acciones.,20.00,11.50,0.00,0.00,0.00,0.07,0.46,229.47,-405536.20
FMTY 14,30/12/20,11:47:19,Venta de Acciones.,20.00,11.50,0.00,0.00,0.00,0.07,0.46,229.47,-405306.73
FMTY 14,30/12/20,11:48:55,Venta de Acciones.,5.00,11.50,0.00,0.00,0.00,0.02,0.12,57.37,-405249.37
FMTY 14,30/12/20,11:48:56,Venta de Acciones.,5.00,11.50,0.00,0.00,0.00,0.02,0.12,57.37,-405192.00
FMTY 14,30/12/20,12:35:21,Venta de Acciones.,100.00,11.48,0.00,0.00,0.00,0.37,2.30,1145.34,-404046.66
FMTY 14,30/12/20,12:35:29,Venta de Acciones.,79.00,11.48,0.00,0.00,0.00,0.29,1.81,904.82,-403141.85
FMTY 14,30/12/20,12:35:41,Venta de Acciones.,6.00,11.48,0.00,0.00,0.00,0.02,0.14,68.72,-403073.13
FMTY 14,30/12/20,12:35:41,Venta de Acciones.,15.00,11.48,0.00,0.00,0.00,0.06,0.34,171.80,-402901.33
FMTY 14,30/12/20,12:35:42,Venta de Acciones.,1.00,11.48,0.00,0.00,0.00,0.00,0.02,11.45,-402889.87
FMTY 14,30/12/20,12:36:13,Venta de Acciones.,1.00,11.48,0.00,0.00,0.00,0.00,0.02,11.45,-402878.42
FMTY 14,30/12/20,12:36:14,Venta de Acciones.,1.00,11.48,0.00,0.00,0.00,0.00,0.02,11.45,-402866.97
FMTY 14,30/12/20,12:39:29,Venta de Acciones.,2.00,11.48,0.00,0.00,0.00,0.01,0.05,22.91,-402844.06
FMTY 14,30/12/20,12:39:30,Venta de Acciones.,2.00,11.48,0.00,0.00,0.00,0.01,0.05,22.91,-402821.15
FMTY 14,30/12/20,12:39:46,Venta de Acciones.,10.00,11.48,0.00,0.00,0.00,0.04,0.23,114.53,-402706.62
FMTY 14,30/12/20,12:39:47,Venta de Acciones.,10.00,11.48,0.00,0.00,0.00,0.04,0.23,114.53,-402592.09
FMTY 14,30/12/20,12:40:00,Venta de Acciones.,1752.00,11.48,0.00,0.00,0.00,6.44,40.23,20066.30,-382525.79
FMTY 14,30/12/20,12:41:17,Venta de Acciones.,370.00,11.48,0.00,0.00,0.00,1.36,8.50,4237.75,-378288.04
FMTY 14,30/12/20,12:41:17,Venta de Acciones.,248.00,11.48,0.00,0.00,0.00,0.91,5.69,2840.43,-375447.61
FMTY 14,30/12/20,12:41:17,Venta de Acciones.,1382.00,11.48,0.00,0.00,0.00,5.08,31.73,15828.55,-359619.06
FMTY 14,30/12/20,12:41:17,Venta de Acciones.,11.00,11.48,0.00,0.00,0.00,0.04,0.25,125.99,-359493.07
FMTY 14,30/12/20,12:41:17,Venta de Acciones.,1.00,11.48,0.00,0.00,0.00,0.00,0.02,11.45,-359481.62
FMTY 14,30/12/20,12:41:18,Venta de Acciones.,1000.00,11.48,0.00,0.00,0.00,3.67,22.96,11453.37,-348028.25
FMTY 14,30/12/20,12:41:18,Venta de Acciones.,810.00,11.48,0.00,0.00,0.00,2.98,18.60,9277.23,-338751.02
GBMF2 BF,31/12/20,8:01:35,Venta Soc.de Inv.- Cliente              ,2938.00,36.99,0.00,0.00,0.00,0.00,0.00,108678.61,-230072.41
FPLUS 16,31/12/20,8:50:19,Venta de Acciones.,98.00,10.32,0.00,0.00,0.00,0.32,2.02,1009.01,-194033.22
FPLUS 16,31/12/20,10:14:33,Venta de Acciones.,1.00,10.45,0.00,0.00,0.00,0.00,0.02,10.43,-194022.80
GBMF2 BF,31/12/20,11:29:46,Venta Soc.de Inv.- Cliente              ,947.00,36.99,0.00,0.00,0.00,0.00,0.00,35030.17,-195042.24
FPLUS 16,31/12/20,12:43:10,Venta de Acciones.,1774.00,10.45,0.00,0.00,0.00,5.93,37.08,18495.29,-175527.51
KIMBER A,31/12/20,2:52:26,Compra de Acciones.,3000.00,33.96,0.00,0.00,0.00,32.60,203.76,102116.36,-277643.87
NFLX *,31/12/20,2:53:14,Venta de Acciones.,3.00,10730.00,0.00,0.00,0.00,10.30,64.38,32115.32,-245528.55
GBMF2 BF,04/01/21,8:00:45,Compra Soc.de Inv.- Cliente             ,6703.00,37.00,0.00,0.00,0.00,0.00,0.00,247997.58,-50476.49
FIHO 12,04/01/21,8:51:33,Venta de Acciones.,4.00,4.33,0.00,0.00,0.00,0.01,0.03,17.28,-50459.21
FIHO 12,04/01/21,8:51:34,Venta de Acciones.,5.00,4.33,0.00,0.00,0.00,0.01,0.04,21.60,-50437.61
FIHO 12,04/01/21,8:51:35,Venta de Acciones.,3.00,4.33,0.00,0.00,0.00,0.00,0.03,12.96,-50424.65
FIHO 12,04/01/21,8:51:36,Venta de Acciones.,2.00,4.33,0.00,0.00,0.00,0.00,0.02,8.64,-50416.01
FIHO 12,04/01/21,8:51:36,Venta de Acciones.,1.00,4.33,0.00,0.00,0.00,0.00,0.01,4.32,-50411.69
FIHO 12,04/01/21,8:51:36,Venta de Acciones.,1.00,4.33,0.00,0.00,0.00,0.00,0.01,4.32,-50407.37
FIHO 12,04/01/21,8:51:37,Venta de Acciones.,1.00,4.33,0.00,0.00,0.00,0.00,0.01,4.32,-50403.05
FIHO 12,04/01/21,8:51:37,Venta de Acciones.,1.00,4.33,0.00,0.00,0.00,0.00,0.01,4.32,-50398.73
FIHO 12,04/01/21,8:51:38,Venta de Acciones.,3.00,4.33,0.00,0.00,0.00,0.00,0.03,12.96,-50385.77
FIHO 12,04/01/21,8:51:38,Venta de Acciones.,3.00,4.33,0.00,0.00,0.00,0.00,0.03,12.96,-50372.81
FIHO 12,04/01/21,8:51:38,Venta de Acciones.,10.00,4.33,0.00,0.00,0.00,0.01,0.09,43.20,-50329.61
FIHO 12,04/01/21,8:51:38,Venta de Acciones.,20.00,4.33,0.00,0.00,0.00,0.03,0.17,86.40,-50243.21
FIHO 12,04/01/21,8:51:38,Venta de Acciones.,6.00,4.33,0.00,0.00,0.00,0.01,0.05,25.92,-50217.29
FIHO 12,04/01/21,8:51:38,Venta de Acciones.,1.00,4.33,0.00,0.00,0.00,0.00,0.01,4.32,-50212.97
FIHO 12,04/01/21,8:51:38,Venta de Acciones.,1.00,4.33,0.00,0.00,0.00,0.00,0.01,4.32,-50208.65
FIHO 12,04/01/21,8:51:38,Venta de Acciones.,110.00,4.33,0.00,0.00,0.00,0.15,0.95,475.20,-49733.46
FIHO 12,04/01/21,8:51:38,Venta de Acciones.,8.00,4.33,0.00,0.00,0.00,0.01,0.07,34.56,-49698.90
FIHO 12,04/01/21,8:51:38,Venta de Acciones.,1000.00,4.33,0.00,0.00,0.00,1.39,8.66,4319.95,-45378.94
FIHO 12,04/01/21,8:51:39,Venta de Acciones.,14.00,4.33,0.00,0.00,0.00,0.02,0.12,60.48,-45318.46
FIHO 12,04/01/21,8:51:39,Venta de Acciones.,13.00,4.33,0.00,0.00,0.00,0.02,0.11,56.16,-45262.30
FIHO 12,04/01/21,8:51:39,Venta de Acciones.,1.00,4.33,0.00,0.00,0.00,0.00,0.01,4.32,-45257.99
FIHO 12,04/01/21,8:51:39,Venta de Acciones.,20.00,4.33,0.00,0.00,0.00,0.03,0.17,86.40,-45171.59
FIHO 12,04/01/21,8:51:39,Venta de Acciones.,1.00,4.33,0.00,0.00,0.00,0.00,0.01,4.32,-45167.27
FIHO 12,04/01/21,8:51:39,Venta de Acciones.,5.00,4.33,0.00,0.00,0.00,0.01,0.04,21.60,-45145.67
FIHO 12,04/01/21,8:51:40,Venta de Acciones.,1496.00,4.33,0.00,0.00,0.00,2.07,12.96,6462.65,-38683.01
KIMBER A,04/01/21,8:57:06,Venta de Acciones.,1048.00,34.44,0.00,0.00,0.00,11.55,72.19,36009.38,-2673.63
KIMBER A,04/01/21,8:57:06,Venta de Acciones.,1952.00,34.44,0.00,0.00,0.00,21.51,134.45,67070.91,64397.28
NVDA *,04/01/21,9:55:02,Venta de Acciones.,14.00,10715.03,0.00,0.00,0.00,48.00,300.02,149662.40,214059.68
KIMBER A,04/01/21,10:47:08,Compra de Acciones.,1974.00,33.98,0.00,0.00,0.00,21.46,134.15,67232.14,146827.54
KIMBER A,04/01/21,10:47:08,Compra de Acciones.,400.00,33.98,0.00,0.00,0.00,4.35,27.18,13623.53,133204.01
KIMBER A,04/01/21,10:54:34,Compra de Acciones.,1126.00,33.98,0.00,0.00,0.00,12.24,76.52,38350.25,94853.76
GBMF2 BF,05/01/21,8:01:25,Venta Soc.de Inv.- Cliente              ,1365.00,37.00,0.00,0.00,0.00,0.00,0.00,50504.65,145358.41
FIHO 12,05/01/21,12:32:13,Venta de Acciones.,64.00,4.39,0.00,0.00,0.00,0.09,0.56,280.31,145638.71
FIHO 12,05/01/21,12:32:14,Venta de Acciones.,2.00,4.39,0.00,0.00,0.00,0.00,0.02,8.76,145647.47
FIHO 12,05/01/21,12:32:14,Venta de Acciones.,8.00,4.39,0.00,0.00,0.00,0.01,0.07,35.04,145682.51
FIHO 12,05/01/21,12:32:14,Venta de Acciones.,1.00,4.39,0.00,0.00,0.00,0.00,0.01,4.38,145686.89
FIHO 12,05/01/21,12:32:14,Venta de Acciones.,1.00,4.39,0.00,0.00,0.00,0.00,0.01,4.38,145691.27
FIHO 12,05/01/21,12:32:14,Venta de Acciones.,10.00,4.39,0.00,0.00,0.00,0.01,0.09,43.80,145735.07
FIHO 12,05/01/21,12:32:14,Venta de Acciones.,85.00,4.39,0.00,0.00,0.00,0.12,0.75,372.28,146107.36
FIHO 12,05/01/21,12:32:14,Venta de Acciones.,20.00,4.39,0.00,0.00,0.00,0.03,0.18,87.60,146194.95
FIHO 12,05/01/21,12:32:14,Venta de Acciones.,11.00,4.39,0.00,0.00,0.00,0.02,0.10,48.18,146243.13
FIHO 12,05/01/21,12:33:36,Venta de Acciones.,32.00,4.39,0.00,0.00,0.00,0.05,0.28,140.15,146383.28
FIHO 12,05/01/21,12:34:40,Venta de Acciones.,20.00,4.39,0.00,0.00,0.00,0.03,0.18,87.60,146470.88
FIHO 12,05/01/21,12:34:49,Venta de Acciones.,1.00,4.39,0.00,0.00,0.00,0.00,0.01,4.38,146475.26
FIHO 12,05/01/21,12:35:35,Venta de Acciones.,6.00,4.39,0.00,0.00,0.00,0.01,0.05,26.28,146501.54
FIHO 12,05/01/21,12:35:49,Venta de Acciones.,9.00,4.39,0.00,0.00,0.00,0.01,0.08,39.42,146540.96
FIBRAPL 14,05/01/21,12:39:04,Compra de Acciones.,113.00,44.37,0.00,0.00,0.00,1.60,10.03,5025.44,141515.51
FIBRAPL 14,05/01/21,12:40:12,Compra de Acciones.,1287.00,44.37,0.00,0.00,0.00,18.27,114.21,57236.67,84278.84
KIMBER A,05/01/21,2:44:53,Venta de Acciones.,2407.00,34.32,0.00,0.00,0.00,26.43,165.22,82416.59,166695.43
KIMBER A,05/01/21,2:44:53,Venta de Acciones.,1093.00,34.32,0.00,0.00,0.00,12.00,75.02,37424.73,204120.16
FIBRAPL 14,05/01/21,2:57:50,Compra de Acciones.,1133.00,44.28,0.00,0.00,0.00,16.05,100.34,50285.63,153834.53
FIBRAPL 14,05/01/21,2:57:50,Compra de Acciones.,200.00,44.28,0.00,0.00,0.00,2.83,17.71,8876.55,144957.99
FIBRAPL 14,05/01/21,2:57:50,Compra de Acciones.,67.00,44.28,0.00,0.00,0.00,0.95,5.93,2973.64,141984.34
GBMF2 BF,06/01/21,8:04:21,Compra Soc.de Inv.- Cliente             ,3928.00,37.00,0.00,0.00,0.00,0.00,0.00,145342.15,-3357.81
FIBRAPL 14,06/01/21,8:53:09,Venta de Acciones.,554.00,44.76,0.00,0.00,0.00,7.94,49.59,24739.51,21381.70
FIBRAPL 14,06/01/21,8:53:09,Venta de Acciones.,100.00,44.76,0.00,0.00,0.00,1.43,8.95,4465.62,25847.32
FIBRAPL 14,06/01/21,8:53:11,Venta de Acciones.,100.00,44.76,0.00,0.00,0.00,1.43,8.95,4465.62,30312.93
FIBRAPL 14,06/01/21,8:53:12,Venta de Acciones.,71.00,44.76,0.00,0.00,0.00,1.02,6.36,3170.59,33483.52
FIBRAPL 14,06/01/21,8:53:14,Venta de Acciones.,100.00,44.76,0.00,0.00,0.00,1.43,8.95,4465.62,37949.14
FIBRAPL 14,06/01/21,8:53:17,Venta de Acciones.,100.00,44.76,0.00,0.00,0.00,1.43,8.95,4465.62,42414.75
FIBRAPL 14,06/01/21,8:53:23,Venta de Acciones.,100.00,44.76,0.00,0.00,0.00,1.43,8.95,4465.62,46880.37
FIBRAPL 14,06/01/21,8:54:08,Venta de Acciones.,100.00,44.76,0.00,0.00,0.00,1.43,8.95,4465.62,51345.98
FIBRAPL 14,06/01/21,8:54:28,Venta de Acciones.,5.00,44.76,0.00,0.00,0.00,0.07,0.45,223.28,51569.26
FIBRAPL 14,06/01/21,8:54:45,Venta de Acciones.,100.00,44.76,0.00,0.00,0.00,1.43,8.95,4465.62,56034.88
FIBRAPL 14,06/01/21,8:54:53,Venta de Acciones.,70.00,44.76,0.00,0.00,0.00,1.00,6.27,3125.93,59160.81
FIBRAPL 14,06/01/21,9:11:48,Venta de Acciones.,69.00,44.91,0.00,0.00,0.00,0.99,6.20,3091.60,62252.41
FIBRAPL 14,06/01/21,9:40:04,Venta de Acciones.,100.00,44.91,0.00,0.00,0.00,1.44,8.98,4480.58,66732.99
FIBRAPL 14,06/01/21,9:42:03,Venta de Acciones.,370.00,44.91,0.00,0.00,0.00,5.32,33.23,16578.15,83311.14
FIBRAPL 14,06/01/21,9:43:45,Venta de Acciones.,170.00,44.91,0.00,0.00,0.00,2.44,15.27,7616.99,90928.13
FIBRAPL 14,06/01/21,9:43:56,Venta de Acciones.,300.00,44.91,0.00,0.00,0.00,4.31,26.95,13441.74,104369.87
FIBRAPL 14,06/01/21,9:43:57,Venta de Acciones.,100.00,44.91,0.00,0.00,0.00,1.44,8.98,4480.58,108850.45
FIBRAPL 14,06/01/21,9:43:57,Venta de Acciones.,100.00,44.91,0.00,0.00,0.00,1.44,8.98,4480.58,113331.03
FIBRAPL 14,06/01/21,9:44:37,Venta de Acciones.,191.00,44.91,0.00,0.00,0.00,2.74,17.16,8557.91,121888.94
FIBRAPL 14,06/01/21,2:59:00,Compra de Acciones.,614.00,44.32,0.00,0.00,0.00,8.71,54.43,27275.61,94613.33
FIBRAPL 14,06/01/21,2:59:50,Compra de Acciones.,92.00,44.32,0.00,0.00,0.00,1.30,8.15,4086.90,90526.43
FIBRAPL 14,06/01/21,2:59:50,Compra de Acciones.,305.00,44.32,0.00,0.00,0.00,4.33,27.04,13548.96,76977.47
FIBRAPL 14,06/01/21,2:59:55,Compra de Acciones.,76.00,44.32,0.00,0.00,0.00,1.08,6.74,3376.13,73601.34
FIBRAPL 14,06/01/21,2:59:56,Compra de Acciones.,3.00,44.32,0.00,0.00,0.00,0.04,0.27,133.27,73468.07
GBMF2 BF,07/01/21,8:03:34,Venta Soc.de Inv.- Cliente              ,91.00,37.00,0.00,0.00,0.00,0.00,0.00,3367.28,76835.35
FIBRAPL 14,07/01/21,10:36:00,Compra de Acciones.,4.00,44.35,0.00,0.00,0.00,0.04,0.27,177.71,76657.64
FIBRAPL 14,07/01/21,10:51:00,Compra de Acciones.,30.00,44.35,0.00,0.00,0.00,0.32,2.00,1332.82,75324.82
FIBRAPL 14,07/01/21,10:51:00,Compra de Acciones.,22.00,44.35,0.00,0.00,0.00,0.23,1.46,977.40,74347.42
FIBRAPL 14,07/01/21,10:51:01,Compra de Acciones.,11.00,44.35,0.00,0.00,0.00,0.12,0.73,488.70,73858.73
FIBRAPL 14,07/01/21,10:52:00,Compra de Acciones.,30.00,44.35,0.00,0.00,0.00,0.32,2.00,1332.82,72525.91
FIBRAPL 14,07/01/21,10:52:01,Compra de Acciones.,22.00,44.35,0.00,0.00,0.00,0.23,1.46,977.40,71548.51
FIBRAPL 14,07/01/21,10:52:01,Compra de Acciones.,11.00,44.35,0.00,0.00,0.00,0.12,0.73,488.70,71059.81
FIBRAPL 14,07/01/21,10:52:14,Compra de Acciones.,5.00,44.35,0.00,0.00,0.00,0.05,0.33,222.14,70837.68
FIBRAPL 14,07/01/21,10:53:00,Compra de Acciones.,30.00,44.35,0.00,0.00,0.00,0.32,2.00,1332.82,69504.86
FIBRAPL 14,07/01/21,10:53:00,Compra de Acciones.,22.00,44.35,0.00,0.00,0.00,0.23,1.46,977.40,68527.46
FIBRAPL 14,07/01/21,10:53:01,Compra de Acciones.,11.00,44.35,0.00,0.00,0.00,0.12,0.73,488.70,68038.77
FIBRAPL 14,07/01/21,10:54:00,Compra de Acciones.,29.00,44.35,0.00,0.00,0.00,0.31,1.93,1288.39,66750.38
FIBRAPL 14,07/01/21,10:54:00,Compra de Acciones.,22.00,44.35,0.00,0.00,0.00,0.23,1.46,977.40,65772.98
FIBRAPL 14,07/01/21,10:54:01,Compra de Acciones.,11.00,44.35,0.00,0.00,0.00,0.12,0.73,488.70,65284.28
FIBRAPL 14,07/01/21,10:54:46,Compra de Acciones.,1000.00,44.35,0.00,0.00,0.00,10.64,66.53,44427.17,20857.11
FIBRAPL 14,07/01/21,10:55:00,Compra de Acciones.,30.00,44.35,0.00,0.00,0.00,0.32,2.00,1332.82,19524.30
FIBRAPL 14,07/01/21,10:55:00,Compra de Acciones.,22.00,44.35,0.00,0.00,0.00,0.23,1.46,977.40,18546.90
FIBRAPL 14,07/01/21,10:55:01,Compra de Acciones.,11.00,44.35,0.00,0.00,0.00,0.12,0.73,488.70,18058.20
FIBRAPL 14,07/01/21,10:56:00,Compra de Acciones.,30.00,44.35,0.00,0.00,0.00,0.32,2.00,1332.82,16725.39
FIBRAPL 14,07/01/21,10:56:01,Compra de Acciones.,22.00,44.35,0.00,0.00,0.00,0.23,1.46,977.40,15747.99
FIBRAPL 14,07/01/21,10:56:01,Compra de Acciones.,11.00,44.35,0.00,0.00,0.00,0.12,0.73,488.70,15259.29
FIBRAPL 14,07/01/21,11:01:00,Compra de Acciones.,29.00,44.35,0.00,0.00,0.00,0.31,1.93,1288.39,13970.90
FIBRAPL 14,07/01/21,11:01:01,Compra de Acciones.,22.00,44.35,0.00,0.00,0.00,0.23,1.46,977.40,12993.50
FIBRAPL 14,07/01/21,11:01:01,Compra de Acciones.,11.00,44.35,0.00,0.00,0.00,0.12,0.73,488.70,12504.80
FIBRAPL 14,07/01/21,11:02:00,Compra de Acciones.,29.00,44.35,0.00,0.00,0.00,0.31,1.93,1288.39,11216.42
FIBRAPL 14,07/01/21,11:02:00,Compra de Acciones.,22.00,44.35,0.00,0.00,0.00,0.23,1.46,977.40,10239.02
FIBRAPL 14,07/01/21,11:02:01,Compra de Acciones.,11.00,44.35,0.00,0.00,0.00,0.12,0.73,488.70,9750.32
FIBRAPL 14,07/01/21,11:03:00,Compra de Acciones.,30.00,44.35,0.00,0.00,0.00,0.32,2.00,1332.82,8417.51
FIBRAPL 14,07/01/21,11:03:00,Compra de Acciones.,22.00,44.35,0.00,0.00,0.00,0.23,1.46,977.40,7440.11
FIBRAPL 14,07/01/21,11:03:01,Compra de Acciones.,11.00,44.35,0.00,0.00,0.00,0.12,0.73,488.70,6951.41
FIBRAPL 14,07/01/21,11:04:00,Compra de Acciones.,30.00,44.35,0.00,0.00,0.00,0.32,2.00,1332.82,5618.59
FIBRAPL 14,07/01/21,11:04:00,Compra de Acciones.,22.00,44.35,0.00,0.00,0.00,0.23,1.46,977.40,4641.20
FIBRAPL 14,07/01/21,11:04:01,Compra de Acciones.,11.00,44.35,0.00,0.00,0.00,0.12,0.73,488.70,4152.50
FIBRAPL 14,07/01/21,11:04:29,Compra de Acciones.,1364.00,44.35,0.00,0.00,0.00,14.52,90.74,60598.66,-56446.16
AC *,07/01/21,1:45:57,Venta de Acciones.,41.00,99.33,0.00,0.00,0.00,0.98,6.11,4065.44,-52380.72
AC *,07/01/21,1:45:57,Venta de Acciones.,16.00,99.33,0.00,0.00,0.00,0.38,2.38,1586.51,-50794.20
AC *,07/01/21,1:45:57,Venta de Acciones.,16.00,99.33,0.00,0.00,0.00,0.38,2.38,1586.51,-49207.69
AC *,07/01/21,1:45:57,Venta de Acciones.,100.00,99.33,0.00,0.00,0.00,2.38,14.90,9915.72,-39291.97
AC *,07/01/21,1:45:57,Venta de Acciones.,100.00,99.33,0.00,0.00,0.00,2.38,14.90,9915.72,-29376.26
AC *,07/01/21,1:46:03,Venta de Acciones.,204.00,99.33,0.00,0.00,0.00,4.86,30.40,20228.06,-9148.19
FIBRAPL 14,07/01/21,2:43:26,Venta de Acciones.,100.00,44.68,0.00,0.00,0.00,1.07,6.70,4460.23,-4687.97
FIBRAPL 14,07/01/21,2:43:32,Venta de Acciones.,566.00,44.68,0.00,0.00,0.00,6.07,37.93,25244.88,20556.91
FIBRAPL 14,07/01/21,2:43:33,Venta de Acciones.,100.00,44.68,0.00,0.00,0.00,1.07,6.70,4460.23,25017.14
FIBRAPL 14,07/01/21,2:43:41,Venta de Acciones.,200.00,44.68,0.00,0.00,0.00,2.14,13.40,8920.45,33937.59
FIBRAPL 14,07/01/21,2:43:52,Venta de Acciones.,100.00,44.68,0.00,0.00,0.00,1.07,6.70,4460.23,38397.81
FIBRAPL 14,07/01/21,2:44:11,Venta de Acciones.,300.00,44.68,0.00,0.00,0.00,3.22,20.11,13380.68,51778.49
FIBRAPL 14,07/01/21,2:44:14,Venta de Acciones.,100.00,44.68,0.00,0.00,0.00,1.07,6.70,4460.23,56238.72
FIBRAPL 14,07/01/21,2:44:25,Venta de Acciones.,100.00,44.68,0.00,0.00,0.00,1.07,6.70,4460.23,60698.94
FIBRAPL 14,07/01/21,2:44:41,Venta de Acciones.,100.00,44.68,0.00,0.00,0.00,1.07,6.70,4460.23,65159.17
FIBRAPL 14,07/01/21,2:44:56,Venta de Acciones.,200.00,44.68,0.00,0.00,0.00,2.14,13.40,8920.45,74079.62
FIBRAPL 14,07/01/21,2:44:56,Venta de Acciones.,134.00,44.68,0.00,0.00,0.00,1.44,8.98,5976.70,80056.32
FIBRAPL 14,07/01/21,2:59:44,Venta de Acciones.,1433.00,44.88,0.00,0.00,0.00,15.44,96.47,64201.14,144257.46
FIBRAPL 14,07/01/21,2:59:44,Venta de Acciones.,657.00,44.88,0.00,0.00,0.00,7.08,44.23,29434.85,173692.31
GBMF2 BF,08/01/21,8:04:40,Compra Soc.de Inv.- Cliente             ,2076.00,37.00,0.00,0.00,0.00,0.00,0.00,76821.99,96870.32
FIBRAPL 14,08/01/21,12:05:34,Compra de Acciones.,13.00,44.44,0.00,0.00,0.00,0.14,0.87,578.73,96291.60
FIBRAPL 14,08/01/21,12:05:38,Compra de Acciones.,66.00,44.44,0.00,0.00,0.00,0.70,4.40,2938.14,93353.45
FIBRAPL 14,08/01/21,12:05:38,Compra de Acciones.,9.00,44.44,0.00,0.00,0.00,0.10,0.60,400.66,92952.80
FIBRAPL 14,08/01/21,12:05:59,Compra de Acciones.,119.00,44.44,0.00,0.00,0.00,1.27,7.93,5297.56,87655.23
FIBRAPL 14,08/01/21,12:05:59,Compra de Acciones.,16.00,44.44,0.00,0.00,0.00,0.17,1.07,712.28,86942.96
FIBRAPL 14,08/01/21,12:06:00,Compra de Acciones.,30.00,44.44,0.00,0.00,0.00,0.32,2.00,1335.52,85607.44
FIBRAPL 14,08/01/21,12:06:00,Compra de Acciones.,5.00,44.44,0.00,0.00,0.00,0.05,0.33,222.59,85384.85
FIBRAPL 14,08/01/21,12:06:00,Compra de Acciones.,11.00,44.44,0.00,0.00,0.00,0.12,0.73,489.69,84895.16
FIBRAPL 14,08/01/21,12:06:00,Compra de Acciones.,1.00,44.44,0.00,0.00,0.00,0.01,0.07,44.52,84850.64
FIBRAPL 14,08/01/21,12:06:01,Compra de Acciones.,22.00,44.44,0.00,0.00,0.00,0.23,1.47,979.38,83871.26
FIBRAPL 14,08/01/21,12:06:01,Compra de Acciones.,3.00,44.44,0.00,0.00,0.00,0.03,0.20,133.55,83737.71
FIBRAPL 14,08/01/21,12:06:17,Compra de Acciones.,100.00,44.44,0.00,0.00,0.00,1.07,6.67,4451.73,79285.98
FIBRAPL 14,08/01/21,12:06:17,Compra de Acciones.,14.00,44.44,0.00,0.00,0.00,0.15,0.93,623.24,78662.73
FIBRAPL 14,08/01/21,12:06:34,Compra de Acciones.,69.00,44.44,0.00,0.00,0.00,0.74,4.60,3071.70,75591.04
FIBRAPL 14,08/01/21,12:06:34,Compra de Acciones.,9.00,44.44,0.00,0.00,0.00,0.10,0.60,400.66,75190.38
FIBRAPL 14,08/01/21,12:06:50,Compra de Acciones.,1.00,44.44,0.00,0.00,0.00,0.01,0.07,44.52,75145.87
FIBRAPL 14,08/01/21,12:07:00,Compra de Acciones.,30.00,44.44,0.00,0.00,0.00,0.32,2.00,1335.52,73810.35
FIBRAPL 14,08/01/21,12:07:00,Compra de Acciones.,11.00,44.44,0.00,0.00,0.00,0.12,0.73,489.69,73320.65
FIBRAPL 14,08/01/21,12:07:00,Compra de Acciones.,1.00,44.44,0.00,0.00,0.00,0.01,0.07,44.52,73276.14
FIBRAPL 14,08/01/21,12:07:01,Compra de Acciones.,22.00,44.44,0.00,0.00,0.00,0.23,1.47,979.38,72296.76
FIBRAPL 14,08/01/21,12:07:01,Compra de Acciones.,3.00,44.44,0.00,0.00,0.00,0.03,0.20,133.55,72163.20
FIBRAPL 14,08/01/21,12:07:02,Compra de Acciones.,141.00,44.44,0.00,0.00,0.00,1.50,9.40,6276.94,65886.26
FIBRAPL 14,08/01/21,12:07:13,Compra de Acciones.,2.00,44.44,0.00,0.00,0.00,0.02,0.13,89.03,65797.23
FIBRAPL 14,08/01/21,12:07:27,Compra de Acciones.,181.00,44.44,0.00,0.00,0.00,1.93,12.07,8057.64,57739.59
FIBRAPL 14,08/01/21,12:07:27,Compra de Acciones.,37.00,44.44,0.00,0.00,0.00,0.39,2.47,1647.14,56092.45
FIBRAPL 14,08/01/21,12:07:39,Compra de Acciones.,76.00,44.44,0.00,0.00,0.00,0.81,5.07,3383.32,52709.13
FIBRAPL 14,08/01/21,12:07:39,Compra de Acciones.,10.00,44.44,0.00,0.00,0.00,0.11,0.67,445.17,52263.96
FIBRAPL 14,08/01/21,12:07:42,Compra de Acciones.,1.00,44.44,0.00,0.00,0.00,0.01,0.07,44.52,52219.44
FIBRAPL 14,08/01/21,12:07:47,Compra de Acciones.,14.00,44.44,0.00,0.00,0.00,0.15,0.93,623.24,51596.20
FIBRAPL 14,08/01/21,12:08:00,Compra de Acciones.,30.00,44.44,0.00,0.00,0.00,0.32,2.00,1335.52,50260.68
FIBRAPL 14,08/01/21,12:08:00,Compra de Acciones.,4.00,44.44,0.00,0.00,0.00,0.04,0.27,178.07,50082.61
FIBRAPL 14,08/01/21,12:08:01,Compra de Acciones.,11.00,44.44,0.00,0.00,0.00,0.12,0.73,489.69,49592.92
FIBRAPL 14,08/01/21,12:08:01,Compra de Acciones.,1.00,44.44,0.00,0.00,0.00,0.01,0.07,44.52,49548.40
FIBRAPL 14,08/01/21,12:08:01,Compra de Acciones.,22.00,44.44,0.00,0.00,0.00,0.23,1.47,979.38,48569.02
FIBRAPL 14,08/01/21,12:08:01,Compra de Acciones.,3.00,44.44,0.00,0.00,0.00,0.03,0.20,133.55,48435.47
FIBRAPL 14,08/01/21,12:08:24,Compra de Acciones.,79.00,44.44,0.00,0.00,0.00,0.84,5.27,3516.87,44918.60
FIBRAPL 14,08/01/21,12:08:24,Compra de Acciones.,11.00,44.44,0.00,0.00,0.00,0.12,0.73,489.69,44428.91
FIBRAPL 14,08/01/21,12:08:32,Compra de Acciones.,126.00,44.44,0.00,0.00,0.00,1.34,8.40,5609.18,38819.73
FIBRAPL 14,08/01/21,12:08:32,Compra de Acciones.,17.00,44.44,0.00,0.00,0.00,0.18,1.13,756.79,38062.93
FIBRAPL 14,08/01/21,12:08:42,Compra de Acciones.,38.00,44.44,0.00,0.00,0.00,0.41,2.53,1691.66,36371.27
FIBRAPL 14,08/01/21,12:08:42,Compra de Acciones.,5.00,44.44,0.00,0.00,0.00,0.05,0.33,222.59,36148.69
FIBRAPL 14,08/01/21,12:08:46,Compra de Acciones.,60.00,44.44,0.00,0.00,0.00,0.64,4.00,2671.04,33477.65
FIBRAPL 14,08/01/21,12:08:46,Compra de Acciones.,8.00,44.44,0.00,0.00,0.00,0.09,0.53,356.14,33121.51
FIBRAPL 14,08/01/21,12:08:58,Compra de Acciones.,14.00,44.44,0.00,0.00,0.00,0.15,0.93,623.24,32498.27
FIBRAPL 14,08/01/21,12:09:00,Compra de Acciones.,30.00,44.44,0.00,0.00,0.00,0.32,2.00,1335.52,31162.75
FIBRAPL 14,08/01/21,12:09:00,Compra de Acciones.,4.00,44.44,0.00,0.00,0.00,0.04,0.27,178.07,30984.68
FIBRAPL 14,08/01/21,12:09:00,Compra de Acciones.,11.00,44.44,0.00,0.00,0.00,0.12,0.73,489.69,30494.99
FIBRAPL 14,08/01/21,12:09:00,Compra de Acciones.,2.00,44.44,0.00,0.00,0.00,0.02,0.13,89.03,30405.95
FIBRAPL 14,08/01/21,12:09:01,Compra de Acciones.,22.00,44.44,0.00,0.00,0.00,0.23,1.47,979.38,29426.57
FIBRAPL 14,08/01/21,12:09:01,Compra de Acciones.,3.00,44.44,0.00,0.00,0.00,0.03,0.20,133.55,29293.02
FIBRAPL 14,08/01/21,12:09:01,Compra de Acciones.,65.00,44.44,0.00,0.00,0.00,0.69,4.33,2893.63,26399.39
FIBRAPL 14,08/01/21,12:09:01,Compra de Acciones.,9.00,44.44,0.00,0.00,0.00,0.10,0.60,400.66,25998.74
FIBRAPL 14,08/01/21,12:09:49,Compra de Acciones.,64.00,44.44,0.00,0.00,0.00,0.68,4.27,2849.11,23149.63
FIBRAPL 14,08/01/21,12:09:49,Compra de Acciones.,8.00,44.44,0.00,0.00,0.00,0.09,0.53,356.14,22793.49
FIBRAPL 14,08/01/21,12:10:00,Compra de Acciones.,30.00,44.44,0.00,0.00,0.00,0.32,2.00,1335.52,21457.97
FIBRAPL 14,08/01/21,12:10:00,Compra de Acciones.,4.00,44.44,0.00,0.00,0.00,0.04,0.27,178.07,21279.90
FIBRAPL 14,08/01/21,12:10:00,Compra de Acciones.,11.00,44.44,0.00,0.00,0.00,0.12,0.73,489.69,20790.21
FIBRAPL 14,08/01/21,12:10:00,Compra de Acciones.,2.00,44.44,0.00,0.00,0.00,0.02,0.13,89.03,20701.18
FIBRAPL 14,08/01/21,12:10:01,Compra de Acciones.,22.00,44.44,0.00,0.00,0.00,0.23,1.47,979.38,19721.79
FIBRAPL 14,08/01/21,12:10:01,Compra de Acciones.,3.00,44.44,0.00,0.00,0.00,0.03,0.20,133.55,19588.24
FIBRAPL 14,08/01/21,12:10:03,Compra de Acciones.,266.00,44.44,0.00,0.00,0.00,2.84,17.73,11841.61,7746.63
FIBRAPL 14,08/01/21,12:10:03,Compra de Acciones.,36.00,44.44,0.00,0.00,0.00,0.38,2.40,1602.62,6144.01
FIBRAPL 14,08/01/21,12:10:05,Compra de Acciones.,114.00,44.44,0.00,0.00,0.00,1.22,7.60,5074.98,1069.04
FIBRAPL 14,08/01/21,12:10:05,Compra de Acciones.,16.00,44.44,0.00,0.00,0.00,0.17,1.07,712.28,356.76
FIBRAPL 14,08/01/21,12:10:22,Compra de Acciones.,100.00,44.44,0.00,0.00,0.00,1.07,6.67,4451.73,-4094.97
FIBRAPL 14,08/01/21,12:10:22,Compra de Acciones.,13.00,44.44,0.00,0.00,0.00,0.14,0.87,578.73,-4673.70
FIBRAPL 14,08/01/21,12:10:53,Compra de Acciones.,71.00,44.44,0.00,0.00,0.00,0.76,4.73,3160.73,-7834.43
FIBRAPL 14,08/01/21,12:10:53,Compra de Acciones.,10.00,44.44,0.00,0.00,0.00,0.11,0.67,445.17,-8279.60
FIBRAPL 14,08/01/21,12:11:00,Compra de Acciones.,30.00,44.44,0.00,0.00,0.00,0.32,2.00,1335.52,-9615.12
FIBRAPL 14,08/01/21,12:11:00,Compra de Acciones.,4.00,44.44,0.00,0.00,0.00,0.04,0.27,178.07,-9793.19
FIBRAPL 14,08/01/21,12:11:00,Compra de Acciones.,11.00,44.44,0.00,0.00,0.00,0.12,0.73,489.69,-10282.88
FIBRAPL 14,08/01/21,12:11:01,Compra de Acciones.,2.00,44.44,0.00,0.00,0.00,0.02,0.13,89.03,-10371.92
FIBRAPL 14,08/01/21,12:11:01,Compra de Acciones.,22.00,44.44,0.00,0.00,0.00,0.23,1.47,979.38,-11351.30
FIBRAPL 14,08/01/21,12:11:01,Compra de Acciones.,3.00,44.44,0.00,0.00,0.00,0.03,0.20,133.55,-11484.85
FIBRAPL 14,08/01/21,12:11:06,Compra de Acciones.,100.00,44.44,0.00,0.00,0.00,1.07,6.67,4451.73,-15936.58
FIBRAPL 14,08/01/21,12:11:06,Compra de Acciones.,13.00,44.44,0.00,0.00,0.00,0.14,0.87,578.73,-16515.31
FIBRAPL 14,08/01/21,12:11:33,Compra de Acciones.,252.00,44.44,0.00,0.00,0.00,2.69,16.80,11218.37,-27733.67
FIBRAPL 14,08/01/21,12:11:33,Compra de Acciones.,35.00,44.44,0.00,0.00,0.00,0.37,2.33,1558.11,-29291.78
FIBRAPL 14,08/01/21,12:11:39,Compra de Acciones.,170.00,44.44,0.00,0.00,0.00,1.81,11.33,7567.95,-36859.73
FIBRAPL 14,08/01/21,12:11:39,Compra de Acciones.,23.00,44.44,0.00,0.00,0.00,0.25,1.53,1023.90,-37883.63
FIBRAPL 14,08/01/21,12:11:55,Compra de Acciones.,6.00,44.44,0.00,0.00,0.00,0.06,0.40,267.10,-38150.73
FIBRAPL 14,08/01/21,12:11:55,Compra de Acciones.,1.00,44.44,0.00,0.00,0.00,0.01,0.07,44.52,-38195.25
FIBRAPL 14,08/01/21,12:11:56,Compra de Acciones.,54.00,44.44,0.00,0.00,0.00,0.58,3.60,2403.94,-40599.18
FIBRAPL 14,08/01/21,12:11:56,Compra de Acciones.,7.00,44.44,0.00,0.00,0.00,0.07,0.47,311.62,-40910.80
FIBRAPL 14,08/01/21,12:12:00,Compra de Acciones.,30.00,44.44,0.00,0.00,0.00,0.32,2.00,1335.52,-42246.32
FIBRAPL 14,08/01/21,12:12:00,Compra de Acciones.,4.00,44.44,0.00,0.00,0.00,0.04,0.27,178.07,-42424.39
FIBRAPL 14,08/01/21,12:12:00,Compra de Acciones.,100.00,44.44,0.00,0.00,0.00,1.07,6.67,4451.73,-46876.13
FIBRAPL 14,08/01/21,12:12:00,Compra de Acciones.,14.00,44.44,0.00,0.00,0.00,0.15,0.93,623.24,-47499.37
FIBRAPL 14,08/01/21,12:12:00,Compra de Acciones.,11.00,44.44,0.00,0.00,0.00,0.12,0.73,489.69,-47989.06
FIBRAPL 14,08/01/21,12:12:00,Compra de Acciones.,1.00,44.44,0.00,0.00,0.00,0.01,0.07,44.52,-48033.58
FIBRAPL 14,08/01/21,12:12:01,Compra de Acciones.,22.00,44.44,0.00,0.00,0.00,0.23,1.47,979.38,-49012.96
FIBRAPL 14,08/01/21,12:12:01,Compra de Acciones.,3.00,44.44,0.00,0.00,0.00,0.03,0.20,133.55,-49146.51
FIBRAPL 14,08/01/21,12:12:20,Compra de Acciones.,720.00,44.44,0.00,0.00,0.00,7.68,48.00,32052.47,-81198.98
FIBRAPL 14,08/01/21,1:15:03,Compra de Acciones.,179.00,44.26,0.00,0.00,0.00,1.90,11.88,7936.33,-89135.31
FIBRAPL 14,08/01/21,1:15:03,Compra de Acciones.,20.00,44.26,0.00,0.00,0.00,0.21,1.33,886.74,-90022.05
FIBRAPL 14,08/01/21,1:15:35,Compra de Acciones.,35.00,44.26,0.00,0.00,0.00,0.37,2.32,1551.80,-91573.84
FIBRAPL 14,08/01/21,1:15:46,Compra de Acciones.,60.00,44.26,0.00,0.00,0.00,0.64,3.98,2660.22,-94234.06
FIBRAPL 14,08/01/21,1:15:46,Compra de Acciones.,25.00,44.26,0.00,0.00,0.00,0.27,1.66,1108.43,-95342.49
FIBRAPL 14,08/01/21,1:15:58,Compra de Acciones.,238.00,44.26,0.00,0.00,0.00,2.53,15.80,10552.21,-105894.70
FIBRAPL 14,08/01/21,1:15:58,Compra de Acciones.,42.00,44.26,0.00,0.00,0.00,0.45,2.79,1862.15,-107756.85
FIBRAPL 14,08/01/21,1:16:00,Compra de Acciones.,30.00,44.26,0.00,0.00,0.00,0.32,1.99,1330.11,-109086.96
FIBRAPL 14,08/01/21,1:16:00,Compra de Acciones.,5.00,44.26,0.00,0.00,0.00,0.05,0.33,221.69,-109308.65
FIBRAPL 14,08/01/21,1:16:00,Compra de Acciones.,11.00,44.26,0.00,0.00,0.00,0.12,0.73,487.71,-109796.36
FIBRAPL 14,08/01/21,1:16:00,Compra de Acciones.,2.00,44.26,0.00,0.00,0.00,0.02,0.13,88.67,-109885.03
FIBRAPL 14,08/01/21,1:16:01,Compra de Acciones.,22.00,44.26,0.00,0.00,0.00,0.23,1.46,975.41,-110860.44
FIBRAPL 14,08/01/21,1:16:01,Compra de Acciones.,4.00,44.26,0.00,0.00,0.00,0.04,0.27,177.35,-111037.79
FIBRAPL 14,08/01/21,1:16:11,Compra de Acciones.,2.00,44.26,0.00,0.00,0.00,0.02,0.13,88.67,-111126.47
FIBRAPL 14,08/01/21,1:16:35,Compra de Acciones.,490.00,44.26,0.00,0.00,0.00,5.21,32.53,21725.14,-132851.60
FIBRAPL 14,08/01/21,1:16:43,Compra de Acciones.,55.00,44.26,0.00,0.00,0.00,0.58,3.65,2438.54,-135290.14
FIBRAPL 14,08/01/21,1:17:00,Compra de Acciones.,30.00,44.26,0.00,0.00,0.00,0.32,1.99,1330.11,-136620.25
FIBRAPL 14,08/01/21,1:17:00,Compra de Acciones.,11.00,44.26,0.00,0.00,0.00,0.12,0.73,487.71,-137107.96
FIBRAPL 14,08/01/21,1:17:01,Compra de Acciones.,22.00,44.26,0.00,0.00,0.00,0.23,1.46,975.41,-138083.37
FIBRAPL 14,08/01/21,1:17:03,Compra de Acciones.,294.00,44.26,0.00,0.00,0.00,3.12,19.52,13035.08,-151118.45
FIBRAPL 14,08/01/21,1:17:29,Compra de Acciones.,280.00,44.26,0.00,0.00,0.00,2.97,18.59,12414.36,-163532.82
FIBRAPL 14,08/01/21,1:17:44,Compra de Acciones.,75.00,44.26,0.00,0.00,0.00,0.80,4.98,3325.28,-166858.09
FIBRAPL 14,08/01/21,1:18:00,Compra de Acciones.,30.00,44.26,0.00,0.00,0.00,0.32,1.99,1330.11,-168188.20
FIBRAPL 14,08/01/21,1:18:00,Compra de Acciones.,11.00,44.26,0.00,0.00,0.00,0.12,0.73,487.71,-168675.91
FIBRAPL 14,08/01/21,1:18:01,Compra de Acciones.,22.00,44.26,0.00,0.00,0.00,0.23,1.46,975.41,-169651.32
FIBRAPL 14,08/01/21,1:18:02,Compra de Acciones.,5.00,44.26,0.00,0.00,0.00,0.05,0.33,221.69,-169873.01
FIBRAPL 14,08/01/21,1:30:12,Compra de Acciones.,186.00,44.23,0.00,0.00,0.00,1.97,12.34,8241.09,-178114.10
FIBRAPL 14,08/01/21,1:30:34,Compra de Acciones.,63.00,44.23,0.00,0.00,0.00,0.67,4.18,2791.34,-180905.44
FIBRAPL 14,08/01/21,1:30:36,Compra de Acciones.,60.00,44.23,0.00,0.00,0.00,0.64,3.98,2658.42,-183563.86
FIBRAPL 14,08/01/21,1:30:53,Compra de Acciones.,15.00,44.23,0.00,0.00,0.00,0.16,1.00,664.60,-184228.46
FIBRAPL 14,08/01/21,1:31:00,Compra de Acciones.,30.00,44.23,0.00,0.00,0.00,0.32,1.99,1329.21,-185557.67
FIBRAPL 14,08/01/21,1:31:00,Compra de Acciones.,11.00,44.23,0.00,0.00,0.00,0.12,0.73,487.38,-186045.05
FIBRAPL 14,08/01/21,1:31:01,Compra de Acciones.,22.00,44.23,0.00,0.00,0.00,0.23,1.46,974.75,-187019.80
FIBRAPL 14,08/01/21,1:31:10,Compra de Acciones.,15.00,44.23,0.00,0.00,0.00,0.16,1.00,664.60,-187684.41
FIBRAPL 14,08/01/21,1:31:32,Compra de Acciones.,54.00,44.23,0.00,0.00,0.00,0.57,3.58,2392.58,-190076.98
FIBRAPL 14,08/01/21,1:32:00,Compra de Acciones.,30.00,44.23,0.00,0.00,0.00,0.32,1.99,1329.21,-191406.19
FIBRAPL 14,08/01/21,1:32:00,Compra de Acciones.,11.00,44.23,0.00,0.00,0.00,0.12,0.73,487.38,-191893.57
FIBRAPL 14,08/01/21,1:32:01,Compra de Acciones.,22.00,44.23,0.00,0.00,0.00,0.23,1.46,974.75,-192868.32
FIBRAPL 14,08/01/21,1:32:02,Compra de Acciones.,81.00,44.23,0.00,0.00,0.00,0.86,5.37,3588.86,-196457.18